Team,Team_Name,Player,First,Last,Position,Position_Name,Unit,Jersey,Status,Age,Height,Weight_lbs,Exp_Years,ESPN_ID
ARI,Arizona Cardinals,Hjalte Froholdt,Hjalte,Froholdt,C,Center,Offense,72,Active,30,"6' 5""",310,8,3886633
ARI,Arizona Cardinals,Isaiah Adams,Isaiah,Adams,G,Guard,Offense,74,Active,26,"6' 4""",315,3,5084939
ARI,Arizona Cardinals,Chase Bisontis,Chase,Bisontis,G,Guard,Offense,57,Day-To-Day,22,"6' 6""",314,0,4870596
ARI,Arizona Cardinals,Hayden Conner,Hayden,Conner,G,Guard,Offense,58,Active,24,"6' 6""",315,2,4431214
ARI,Arizona Cardinals,Jon Gaines II,Jon,Gaines II,G,Guard,Offense,71,Active,27,"6' 4""",320,4,4367199
ARI,Arizona Cardinals,Vershon Lee,Vershon,Lee,G,Guard,Offense,,Practice Squad,24,"6' 4""",318,1,4430218
ARI,Arizona Cardinals,Isaac Seumalo,Isaac,Seumalo,G,Guard,Offense,73,Active,32,"6' 4""",310,11,2978247
ARI,Arizona Cardinals,Josh Fryar,Josh,Fryar,OT,Offensive Tackle,Offense,78,Active,24,"6' 5""",320,2,4429782
ARI,Arizona Cardinals,Demontrey Jacobs,Demontrey,Jacobs,OT,Offensive Tackle,Offense,67,Practice Squad,27,"6' 6""",325,3,4250935
ARI,Arizona Cardinals,Paris Johnson Jr.,Paris,Johnson Jr.,OT,Offensive Tackle,Offense,70,Active,25,"6' 6""",325,4,4428991
ARI,Arizona Cardinals,Matt Pryor,Matt,Pryor,OT,Offensive Tackle,Offense,76,Practice Squad,31,"6' 7""",332,9,3055886
ARI,Arizona Cardinals,Valentin Senn,Valentin,Senn,OT,Offensive Tackle,Offense,69,Practice Squad,26,"6' 7""",310,2,4428458
ARI,Arizona Cardinals,Elijah Wilkinson,Elijah,Wilkinson,OT,Offensive Tackle,Offense,65,Active,31,"6' 6""",315,10,3059839
ARI,Arizona Cardinals,Jayden Williams,Jayden,Williams,OT,Offensive Tackle,Offense,66,Active,23,"6' 4""",307,0,4709718
ARI,Arizona Cardinals,Carson Beck,Carson,Beck,QB,Quarterback,Offense,19,Active,23,"6' 4""",220,0,4430841
ARI,Arizona Cardinals,Jacoby Brissett,Jacoby,Brissett,QB,Quarterback,Offense,7,Active,33,"6' 4""",235,11,2578570
ARI,Arizona Cardinals,Gardner Minshew II,Gardner,Minshew II,QB,Quarterback,Offense,15,Active,30,"6' 1""",225,8,4038524
ARI,Arizona Cardinals,Tyler Allgeier,Tyler,Allgeier,RB,Running Back,Offense,22,Active,26,"5' 10""",220,5,4373626
ARI,Arizona Cardinals,Trey Benson,Trey,Benson,RB,Running Back,Offense,33,Day-To-Day,24,"6' 0""",225,3,4429275
ARI,Arizona Cardinals,James Conner,James,Conner,RB,Running Back,Offense,6,Day-To-Day,31,"6' 1""",233,10,3045147
ARI,Arizona Cardinals,Evan Hull,Evan,Hull,RB,Running Back,Offense,43,Practice Squad,25,"5' 10""",209,1,4569609
ARI,Arizona Cardinals,Bam Knight,Bam,Knight,RB,Running Back,Offense,20,Active,25,"5' 11""",210,4,4427728
ARI,Arizona Cardinals,Jeremiyah Love,Jeremiyah,Love,RB,Running Back,Offense,4,Active,21,"6' 0""",212,0,4870808
ARI,Arizona Cardinals,Shawn Bowman,Shawn,Bowman,TE,Tight End,Offense,48,Practice Squad,26,"6' 4""",249,1,4366910
ARI,Arizona Cardinals,Jameson Geers,Jameson,Geers,TE,Tight End,Offense,46,Day-To-Day,23,"6' 5""",250,0,4588298
ARI,Arizona Cardinals,Elijah Higgins,Elijah,Higgins,TE,Tight End,Offense,84,Active,25,"6' 3""",245,4,4426844
ARI,Arizona Cardinals,Hunter Long,Hunter,Long,TE,Tight End,Offense,,Active,28,"6' 5""",243,6,4239944
ARI,Arizona Cardinals,Trey McBride,Trey,McBride,TE,Tight End,Offense,85,Active,26,"6' 4""",246,5,4361307
ARI,Arizona Cardinals,Teagan Quitoriano,Teagan,Quitoriano,TE,Tight End,Offense,47,Practice Squad,26,"6' 6""",259,5,4374045
ARI,Arizona Cardinals,Tip Reiman,Tip,Reiman,TE,Tight End,Offense,87,Day-To-Day,24,"6' 5""",271,3,4696700
ARI,Arizona Cardinals,Kendrick Bourne,Kendrick,Bourne,WR,Wide Receiver,Offense,17,Active,31,"6' 1""",205,10,3045523
ARI,Arizona Cardinals,Jalen Brooks,Jalen,Brooks,WR,Wide Receiver,Offense,83,Active,26,"6' 2""",205,4,4692835
ARI,Arizona Cardinals,Devin Duvernay,Devin,Duvernay,WR,Wide Receiver,Offense,81,Active,28,"5' 11""",202,6,4039050
ARI,Arizona Cardinals,Simi Fehoko,Simi,Fehoko,WR,Wide Receiver,Offense,80,Active,28,"6' 4""",225,6,4360739
ARI,Arizona Cardinals,Marvin Harrison Jr.,Marvin,Harrison Jr.,WR,Wide Receiver,Offense,18,Active,24,"6' 3""",220,3,4432708
ARI,Arizona Cardinals,Ihmir Smith-Marsette,Ihmir,Smith-Marsette,WR,Wide Receiver,Offense,9,Practice Squad,27,"6' 1""",200,5,4240573
ARI,Arizona Cardinals,Reggie Virgil,Reggie,Virgil,WR,Wide Receiver,Offense,82,Active,22,"6' 3""",187,0,4869132
ARI,Arizona Cardinals,Harrison Wallace III,Harrison,Wallace III,WR,Wide Receiver,Offense,30,Practice Squad,23,"6' 0""",192,0,4699354
ARI,Arizona Cardinals,Xavier Weaver,Xavier,Weaver,WR,Wide Receiver,Offense,89,Day-To-Day,25,"6' 0""",185,3,4428811
ARI,Arizona Cardinals,Michael Wilson,Michael,Wilson,WR,Wide Receiver,Offense,14,Active,26,"6' 2""",213,4,4360761
ARI,Arizona Cardinals,Denzel Burke,Denzel,Burke,CB,Cornerback,Defense,29,Active,23,"5' 11""",190,2,4432668
ARI,Arizona Cardinals,Kei'Trel Clark,Kei'Trel,Clark,CB,Cornerback,Defense,13,Active,25,"5' 10""",181,4,4426923
ARI,Arizona Cardinals,D'Shawn Jamison,D'Shawn,Jamison,CB,Cornerback,Defense,,Practice Squad,27,"5' 9""",186,,4362082
ARI,Arizona Cardinals,Will Johnson,Will,Johnson,CB,Cornerback,Defense,2,Active,23,"6' 2""",200,2,4685408
ARI,Arizona Cardinals,Kalen King,Kalen,King,CB,Cornerback,Defense,35,Practice Squad,23,"5' 11""",190,1,4431433
ARI,Arizona Cardinals,Max Melton,Max,Melton,CB,Cornerback,Defense,16,Active,24,"5' 11""",190,3,4698113
ARI,Arizona Cardinals,Starling Thomas V,Starling,Thomas V,CB,Cornerback,Defense,24,Practice Squad,26,"5' 10""",194,4,4363408
ARI,Arizona Cardinals,Garrett Williams,Garrett,Williams,CB,Cornerback,Defense,21,Active,25,"5' 10""",192,4,4568506
ARI,Arizona Cardinals,L.J. Collier,L.J.,Collier,DE,Defensive End,Defense,91,Active,30,"6' 2""",300,8,3116449
ARI,Arizona Cardinals,Jared Harrison-Hunte,Jared,Harrison-Hunte,DE,Defensive End,Defense,,Practice Squad,26,"6' 4""",294,2,4427401
ARI,Arizona Cardinals,Darius Robinson,Darius,Robinson,DE,Defensive End,Defense,56,Active,24,"6' 5""",290,3,4569480
ARI,Arizona Cardinals,Andrew Billings,Andrew,Billings,DT,Defensive Tackle,Defense,95,Active,31,"6' 1""",340,10,3051775
ARI,Arizona Cardinals,Zachary Carter,Zachary,Carter,DT,Defensive Tackle,Defense,90,Day-To-Day,27,"6' 4""",301,4,4240619
ARI,Arizona Cardinals,Cam Horsley,Cam,Horsley,DT,Defensive Tackle,Defense,93,Practice Squad,24,"6' 3""",312,1,4431147
ARI,Arizona Cardinals,Roy Lopez,Roy,Lopez,DT,Defensive Tackle,Defense,51,Active,29,"6' 2""",312,6,4040805
ARI,Arizona Cardinals,Walter Nolen III,Walter,Nolen III,DT,Defensive Tackle,Defense,97,Active,22,"6' 4""",300,2,4685503
ARI,Arizona Cardinals,Kaleb Proctor,Kaleb,Proctor,DT,Defensive Tackle,Defense,94,Day-To-Day,22,"6' 3""",291,0,5084514
ARI,Arizona Cardinals,Dante Stills,Dante,Stills,DT,Defensive Tackle,Defense,55,Active,26,"6' 4""",300,4,4362225
ARI,Arizona Cardinals,Damonic Williams,Damonic,Williams,DT,Defensive Tackle,Defense,96,Practice Squad,22,"6' 1""",305,0,4685582
ARI,Arizona Cardinals,Eugene Asante,Eugene,Asante,LB,Linebacker,Defense,48,Practice Squad,26,"6' 1""",222,1,4427532
ARI,Arizona Cardinals,Baron Browning,Baron,Browning,LB,Linebacker,Defense,5,Active,27,"6' 3""",255,6,4241987
ARI,Arizona Cardinals,Jordan Burch,Jordan,Burch,LB,Linebacker,Defense,52,Active,24,"6' 4""",280,2,4428996
ARI,Arizona Cardinals,Zaven Collins,Zaven,Collins,LB,Linebacker,Defense,25,Active,27,"6' 4""",270,6,4244606
ARI,Arizona Cardinals,Jack Gibbens,Jack,Gibbens,LB,Linebacker,Defense,50,Active,27,"6' 4""",242,4,4249739
ARI,Arizona Cardinals,Eku Leota,Eku,Leota,LB,Linebacker,Defense,54,Active,27,"6' 4""",257,2,4361272
ARI,Arizona Cardinals,Cameron Robertson,Cameron,Robertson,LB,Linebacker,Defense,49,Practice Squad,22,"6' 4""",260,0,4900789
ARI,Arizona Cardinals,Karson Sharar,Karson,Sharar,LB,Linebacker,Defense,43,Active,23,"6' 2""",231,0,4709695
ARI,Arizona Cardinals,Cody Simon,Cody,Simon,LB,Linebacker,Defense,0,Active,24,"6' 2""",230,2,4429071
ARI,Arizona Cardinals,Josh Sweat,Josh,Sweat,LB,Linebacker,Defense,10,Active,29,"6' 5""",265,9,3693166
ARI,Arizona Cardinals,Mack Wilson Sr.,Mack,Wilson Sr.,LB,Linebacker,Defense,1,Active,28,"6' 1""",240,8,4040983
ARI,Arizona Cardinals,Budda Baker,Budda,Baker,S,Safety,Defense,3,Active,30,"5' 10""",195,10,3127287
ARI,Arizona Cardinals,Joey Blount,Joey,Blount,S,Safety,Defense,32,Day-To-Day,27,"6' 1""",195,5,4240824
ARI,Arizona Cardinals,Kitan Crawford,Kitan,Crawford,S,Safety,Defense,36,Active,24,"5' 11""",202,2,4430821
ARI,Arizona Cardinals,Josh Minkins,Josh,Minkins,S,Safety,Defense,38,Day-To-Day,24,"6' 1""",207,1,4686338
ARI,Arizona Cardinals,Dadrion Taylor-Demerson,Dadrion,Taylor-Demerson,S,Safety,Defense,42,Active,25,"5' 10""",200,3,4428633
ARI,Arizona Cardinals,Wydett Williams Jr.,Wydett,Williams Jr.,S,Safety,Defense,31,Active,22,"6' 2""",205,0,5099542
ARI,Arizona Cardinals,Andrew Wingard,Andrew,Wingard,S,Safety,Defense,28,Active,29,"6' 0""",205,8,3918331
ARI,Arizona Cardinals,Casey Kreiter,Casey,Kreiter,LS,Long Snapper,Special Teams,59,Active,36,"6' 1""",250,11,17304
ARI,Arizona Cardinals,Blake Gillikin,Blake,Gillikin,P,Punter,Special Teams,12,Active,28,"6' 2""",196,7,4045180
ARI,Arizona Cardinals,Chad Ryland,Chad,Ryland,PK,Place Kicker,Special Teams,38,Active,26,"6' 0""",195,4,4363538
ATL,Atlanta Falcons,James Brockermeyer,James,Brockermeyer,C,Center,Offense,66,Practice Squad,24,"6' 3""",295,0,4567783
ATL,Atlanta Falcons,Ryan Neuzil,Ryan,Neuzil,C,Center,Offense,64,Active,29,"6' 3""",305,5,4036444
ATL,Atlanta Falcons,Matthew Bergeron,Matthew,Bergeron,G,Guard,Offense,65,Active,26,"6' 5""",315,4,4568510
ATL,Atlanta Falcons,Kam Dewberry,Kam,Dewberry,G,Guard,Offense,61,Practice Squad,22,"6' 4""",332,0,4685332
ATL,Atlanta Falcons,Kyle Hinton,Kyle,Hinton,G,Guard,Offense,68,Active,28,"6' 2""",315,4,4682831
ATL,Atlanta Falcons,Corey Levin,Corey,Levin,G,Guard,Offense,62,Active,32,"6' 4""",307,8,2973637
ATL,Atlanta Falcons,Chris Lindstrom,Chris,Lindstrom,G,Guard,Offense,63,Active,29,"6' 4""",310,8,3672833
ATL,Atlanta Falcons,Josh Thompson,Josh,Thompson,G,Guard,Offense,,Practice Squad,23,"6' 5""",315,0,4682692
ATL,Atlanta Falcons,Cameron Williams,Cameron,Williams,OL,Offensive Lineman,Offense,,Active,22,"6' 5""",317,2,4685590
ATL,Atlanta Falcons,Michael Jerrell,Michael,Jerrell,OT,Offensive Tackle,Offense,72,Active,27,"6' 5""",309,3,5209093
ATL,Atlanta Falcons,Riley Mahlman,Riley,Mahlman,OT,Offensive Tackle,Offense,76,Practice Squad,23,"6' 8""",320,0,4431448
ATL,Atlanta Falcons,Jake Matthews,Jake,Matthews,OT,Offensive Tackle,Offense,70,Active,34,"6' 5""",310,13,16713
ATL,Atlanta Falcons,Storm Norton,Storm,Norton,OT,Offensive Tackle,Offense,77,Day-To-Day,32,"6' 7""",310,7,2973014
ATL,Atlanta Falcons,Ethan Onianwa,Ethan,Onianwa,OT,Offensive Tackle,Offense,75,Active,23,"6' 7""",331,0,4683194
ATL,Atlanta Falcons,Jawaan Taylor,Jawaan,Taylor,OT,Offensive Tackle,Offense,71,Active,28,"6' 5""",312,8,4034961
ATL,Atlanta Falcons,Michael Penix Jr.,Michael,Penix Jr.,QB,Quarterback,Offense,9,Active,26,"6' 3""",220,3,4360423
ATL,Atlanta Falcons,Cooper Rush,Cooper,Rush,QB,Quarterback,Offense,13,Active,32,"6' 3""",224,9,2972515
ATL,Atlanta Falcons,Jack Strand,Jack,Strand,QB,Quarterback,Offense,18,Active,22,"6' 5""",240,0,5344782
ATL,Atlanta Falcons,Tua Tagovailoa,Tua,Tagovailoa,QB,Quarterback,Offense,1,Active,28,"6' 1""",225,7,4241479
ATL,Atlanta Falcons,Tyler Goodson,Tyler,Goodson,RB,Running Back,Offense,25,Practice Squad,25,"5' 9""",197,4,4429676
ATL,Atlanta Falcons,Cash Jones,Cash,Jones,RB,Running Back,Offense,32,Practice Squad,26,"5' 11""",195,0,4881826
ATL,Atlanta Falcons,Bijan Robinson,Bijan,Robinson,RB,Running Back,Offense,7,Active,24,"5' 11""",215,4,4430807
ATL,Atlanta Falcons,Brian Robinson Jr.,Brian,Robinson Jr.,RB,Running Back,Offense,15,Active,27,"6' 1""",225,5,4241474
ATL,Atlanta Falcons,Trey Sermon,Trey,Sermon,RB,Running Back,Offense,44,Day-To-Day,27,"6' 0""",215,5,4241401
ATL,Atlanta Falcons,Austin Hooper,Austin,Hooper,TE,Tight End,Offense,81,Active,31,"6' 4""",254,11,3043275
ATL,Atlanta Falcons,Nick Muse,Nick,Muse,TE,Tight End,Offense,87,Practice Squad,27,"6' 5""",252,3,4249624
ATL,Atlanta Falcons,Kyle Pitts Sr.,Kyle,Pitts Sr.,TE,Tight End,Offense,8,Active,25,"6' 6""",250,5,4360248
ATL,Atlanta Falcons,Jack Velling,Jack,Velling,TE,Tight End,Offense,84,Practice Squad,22,"6' 5""",245,0,4832827
ATL,Atlanta Falcons,Charlie Woerner,Charlie,Woerner,TE,Tight End,Offense,89,Active,28,"6' 5""",250,7,4035020
ATL,Atlanta Falcons,Vinny Anthony II,Vinny,Anthony II,WR,Wide Receiver,Offense,86,Practice Squad,23,"6' 0""",190,0,4869816
ATL,Atlanta Falcons,Chris Blair,Chris,Blair,WR,Wide Receiver,Offense,19,Active,28,"6' 2""",215,2,4369886
ATL,Atlanta Falcons,Zachariah Branch,Zachariah,Branch,WR,Wide Receiver,Offense,17,Active,22,"5' 10""",180,0,4870612
ATL,Atlanta Falcons,Beaux Collins,Beaux,Collins,WR,Wide Receiver,Offense,88,Day-To-Day,23,"6' 3""",206,2,4431210
ATL,Atlanta Falcons,Jahan Dotson,Jahan,Dotson,WR,Wide Receiver,Offense,4,Active,26,"5' 11""",184,5,4361409
ATL,Atlanta Falcons,Dylan Drummond,Dylan,Drummond,WR,Wide Receiver,Offense,80,Practice Squad,26,"6' 0""",190,2,4363551
ATL,Atlanta Falcons,Drake London,Drake,London,WR,Wide Receiver,Offense,5,Active,25,"6' 4""",215,5,4426502
ATL,Atlanta Falcons,Antwane Wells Jr.,Antwane,Wells Jr.,WR,Wide Receiver,Offense,82,Practice Squad,25,"6' 0""",205,1,4696062
ATL,Atlanta Falcons,Olamide Zaccheaus,Olamide,Zaccheaus,WR,Wide Receiver,Offense,14,Active,29,"5' 8""",194,8,3917914
ATL,Atlanta Falcons,Billy Bowman Jr.,Billy,Bowman Jr.,CB,Cornerback,Defense,33,Active,23,"5' 10""",194,2,4431194
ATL,Atlanta Falcons,Malcolm DeWalt IV,Malcolm,DeWalt IV,CB,Cornerback,Defense,36,Active,24,"6' 2""",190,0,5225251
ATL,Atlanta Falcons,Mike Ford Jr.,Mike,Ford Jr.,CB,Cornerback,Defense,28,Active,31,"6' 0""",199,9,3050916
ATL,Atlanta Falcons,C.J. Henderson,C.J.,Henderson,CB,Cornerback,Defense,26,Active,27,"6' 1""",205,6,4240596
ATL,Atlanta Falcons,Darnay Holmes,Darnay,Holmes,CB,Cornerback,Defense,30,Practice Squad,28,"5' 9""",198,7,4242973
ATL,Atlanta Falcons,Mike Hughes,Mike,Hughes,CB,Cornerback,Defense,21,Active,29,"5' 10""",190,9,3895841
ATL,Atlanta Falcons,Avieon Terrell,Avieon,Terrell,CB,Cornerback,Defense,12,Active,21,"5' 11""",180,0,4870988
ATL,Atlanta Falcons,A.J. Terrell Jr.,A.J.,Terrell Jr.,CB,Cornerback,Defense,24,Active,27,"6' 1""",200,7,4239995
ATL,Atlanta Falcons,Keshawn Banks,Keshawn,Banks,DE,Defensive End,Defense,59,Day-To-Day,26,"6' 3""",251,1,4361508
ATL,Atlanta Falcons,Samson Ebukam,Samson,Ebukam,DE,Defensive End,Defense,52,Active,31,"6' 3""",245,10,3045527
ATL,Atlanta Falcons,Zach Harrison,Zach,Harrison,DE,Defensive End,Defense,96,Practice Squad,25,"6' 5""",270,4,4426412
ATL,Atlanta Falcons,LaCale London,LaCale,London,DE,Defensive End,Defense,94,Active,29,"6' 3""",297,3,4376288
ATL,Atlanta Falcons,Za'Darius Smith,Za'Darius,Smith,DE,Defensive End,Defense,91,Active,33,"6' 4""",270,11,3043168
ATL,Atlanta Falcons,Cameron Thomas,Cameron,Thomas,DE,Defensive End,Defense,99,Active,26,"6' 4""",265,5,4361510
ATL,Atlanta Falcons,Carlos Allen Jr.,Carlos,Allen Jr.,DT,Defensive Tackle,Defense,79,Practice Squad,25,"6' 1""",295,0,4696117
ATL,Atlanta Falcons,Gervon Dexter Sr.,Gervon,Dexter Sr.,DT,Defensive Tackle,Defense,,Active,25,"6' 6""",326,4,4429014
ATL,Atlanta Falcons,Brandon Dorlus,Brandon,Dorlus,DT,Defensive Tackle,Defense,54,Active,25,"6' 3""",295,3,4427090
ATL,Atlanta Falcons,Da'Shawn Hand,Da'Shawn,Hand,DT,Defensive Tackle,Defense,90,Active,30,"6' 3""",302,9,3126352
ATL,Atlanta Falcons,Maason Smith,Maason,Smith,DT,Defensive Tackle,Defense,92,Active,23,"6' 5""",306,3,4431567
ATL,Atlanta Falcons,Anterio Thompson,Anterio,Thompson,DT,Defensive Tackle,Defense,98,Day-To-Day,23,"6' 4""",310,0,5150660
ATL,Atlanta Falcons,Yasir Abdullah,Yasir,Abdullah,LB,Linebacker,Defense,,Active,26,"6' 1""",240,4,4360807
ATL,Atlanta Falcons,JD Bertrand,JD,Bertrand,LB,Linebacker,Defense,40,Day-To-Day,26,"6' 1""",230,3,4428872
ATL,Atlanta Falcons,Kendal Daniels,Kendal,Daniels,LB,Linebacker,Defense,53,Active,23,"6' 5""",242,0,4595343
ATL,Atlanta Falcons,Divine Deablo,Divine,Deablo,LB,Linebacker,Defense,0,Active,28,"6' 3""",223,6,4037626
ATL,Atlanta Falcons,Christian Harris,Christian,Harris,LB,Linebacker,Defense,45,Active,25,"6' 2""",232,5,4567099
ATL,Atlanta Falcons,Jared Ivey,Jared,Ivey,LB,Linebacker,Defense,,Active,24,"6' 6""",274,2,4605478
ATL,Atlanta Falcons,DeAngelo Malone,DeAngelo,Malone,LB,Linebacker,Defense,50,Day-To-Day,27,"6' 3""",235,5,4243457
ATL,Atlanta Falcons,James Pearce Jr.,James,Pearce Jr.,LB,Linebacker,Defense,27,News,22,"6' 5""",243,2,5081394
ATL,Atlanta Falcons,Harold Perkins Jr.,Harold,Perkins Jr.,LB,Linebacker,Defense,56,Active,21,"6' 0""",223,0,4685502
ATL,Atlanta Falcons,Bralen Trice,Bralen,Trice,LB,Linebacker,Defense,48,Practice Squad,25,"6' 4""",274,3,4428713
ATL,Atlanta Falcons,Malik Verdon,Malik,Verdon,LB,Linebacker,Defense,43,Day-To-Day,23,"6' 4""",218,1,4684636
ATL,Atlanta Falcons,Josh Woods,Josh,Woods,LB,Linebacker,Defense,46,Active,30,"6' 1""",235,7,3128303
ATL,Atlanta Falcons,Jessie Bates III,Jessie,Bates III,S,Safety,Defense,3,Active,29,"6' 1""",210,9,3919512
ATL,Atlanta Falcons,Sydney Brown,Sydney,Brown,S,Safety,Defense,29,Active,26,"5' 10""",211,4,4360386
ATL,Atlanta Falcons,DeMarcco Hellams,DeMarcco,Hellams,S,Safety,Defense,23,Active,26,"6' 1""",203,4,4567111
ATL,Atlanta Falcons,Jammie Robinson,Jammie,Robinson,S,Safety,Defense,34,Practice Squad,25,"5' 11""",195,4,4430411
ATL,Atlanta Falcons,Xavier Watts,Xavier,Watts,S,Safety,Defense,31,Active,24,"6' 0""",203,2,4431005
ATL,Atlanta Falcons,Liam McCullough,Liam,McCullough,LS,Long Snapper,Special Teams,49,Active,29,"6' 2""",245,5,3915528
ATL,Atlanta Falcons,Jake Bailey,Jake,Bailey,P,Punter,Special Teams,16,Active,29,"6' 2""",212,8,3931395
ATL,Atlanta Falcons,Nick Folk,Nick,Folk,PK,Place Kicker,Special Teams,6,Active,41,"6' 1""",225,19,10621
BAL,Baltimore Ravens,Danny Pinter,Danny,Pinter,C,Center,Offense,63,Day-To-Day,30,"6' 4""",306,6,3915470
BAL,Baltimore Ravens,Ethan Pocic,Ethan,Pocic,C,Center,Offense,77,Active,31,"6' 6""",320,10,3042738
BAL,Baltimore Ravens,Chuma Edoga,Chuma,Edoga,G,Guard,Offense,,Practice Squad,29,"6' 4""",315,8,3701582
BAL,Baltimore Ravens,Jovaughn Gwyn,Jovaughn,Gwyn,G,Guard,Offense,54,Active,27,"6' 2""",301,4,4362845
BAL,Baltimore Ravens,Olaivavega Ioane,Olaivavega,Ioane,G,Guard,Offense,71,Active,22,"6' 4""",320,0,4832793
BAL,Baltimore Ravens,John Simpson,John,Simpson,G,Guard,Offense,74,Active,29,"6' 4""",330,7,4035479
BAL,Baltimore Ravens,Andrew Vorhees,Andrew,Vorhees,G,Guard,Offense,72,Active,27,"6' 6""",320,3,4243220
BAL,Baltimore Ravens,AJ Arcuri,AJ,Arcuri,OT,Offensive Tackle,Offense,,Practice Squad,29,"6' 7""",312,2,4046707
BAL,Baltimore Ravens,Emery Jones Jr.,Emery,Jones Jr.,OT,Offensive Tackle,Offense,51,Active,22,"6' 5""",320,2,4685736
BAL,Baltimore Ravens,Gerad Lichtenhan,Gerad,Lichtenhan,OT,Offensive Tackle,Offense,78,Practice Squad,24,"6' 8""",330,1,4686768
BAL,Baltimore Ravens,Roger Rosengarten,Roger,Rosengarten,OT,Offensive Tackle,Offense,70,Active,24,"6' 5""",316,3,4430876
BAL,Baltimore Ravens,Ronnie Stanley,Ronnie,Stanley,OT,Offensive Tackle,Offense,79,Active,32,"6' 6""",310,11,2980153
BAL,Baltimore Ravens,Carson Vinson,Carson,Vinson,OT,Offensive Tackle,Offense,76,Active,24,"6' 7""",320,2,4769895
BAL,Baltimore Ravens,Joe Fagnano,Joe,Fagnano,QB,Quarterback,Offense,12,Active,25,"6' 3""",226,0,4429582
BAL,Baltimore Ravens,Tyler Huntley,Tyler,Huntley,QB,Quarterback,Offense,5,Active,28,"6' 1""",204,7,4035671
BAL,Baltimore Ravens,Lamar Jackson,Lamar,Jackson,QB,Quarterback,Offense,8,Active,29,"6' 2""",205,9,3916387
BAL,Baltimore Ravens,Skylar Thompson,Skylar,Thompson,QB,Quarterback,Offense,11,Day-To-Day,29,"6' 2""",219,5,4036419
BAL,Baltimore Ravens,Rasheen Ali,Rasheen,Ali,RB,Running Back,Offense,26,Active,25,"5' 11""",210,3,4690013
BAL,Baltimore Ravens,Derrick Henry,Derrick,Henry,RB,Running Back,Offense,22,Active,32,"6' 2""",252,11,3043078
BAL,Baltimore Ravens,Justice Hill,Justice,Hill,RB,Running Back,Offense,43,Active,28,"5' 10""",205,8,4038441
BAL,Baltimore Ravens,Adam Randall,Adam,Randall,RB,Running Back,Offense,23,Day-To-Day,22,"6' 3""",232,0,4685526
BAL,Baltimore Ravens,Jonathan Ward,Jonathan,Ward,RB,Running Back,Offense,35,Practice Squad,28,"6' 0""",202,6,4039274
BAL,Baltimore Ravens,Mark Andrews,Mark,Andrews,TE,Tight End,Offense,89,Active,30,"6' 5""",250,9,3116365
BAL,Baltimore Ravens,Josh Cuevas,Josh,Cuevas,TE,Tight End,Offense,85,Active,23,"6' 3""",245,0,4876132
BAL,Baltimore Ravens,Matthew Hibner,Matthew,Hibner,TE,Tight End,Offense,88,Active,24,"6' 4""",251,0,4432260
BAL,Baltimore Ravens,Ty Pezza,Ty,Pezza,TE,Tight End,Offense,84,Practice Squad,23,"6' 3""",234,0,5084402
BAL,Baltimore Ravens,Durham Smythe,Durham,Smythe,TE,Tight End,Offense,80,Active,31,"6' 4""",248,9,3052897
BAL,Baltimore Ravens,Nick Vannett,Nick,Vannett,TE,Tight End,Offense,,Practice Squad,33,"6' 6""",261,11,2576399
BAL,Baltimore Ravens,Rashod Bateman,Rashod,Bateman,WR,Wide Receiver,Offense,7,Active,26,"6' 1""",193,6,4360939
BAL,Baltimore Ravens,Zay Flowers,Zay,Flowers,WR,Wide Receiver,Offense,4,Active,25,"5' 9""",183,4,4429615
BAL,Baltimore Ravens,Xavier Guillory,Xavier,Guillory,WR,Wide Receiver,Offense,16,Practice Squad,25,"6' 2""",203,1,4695910
BAL,Baltimore Ravens,Ja'Kobi Lane,Ja'Kobi,Lane,WR,Wide Receiver,Offense,6,Active,22,"6' 4""",200,0,4870847
BAL,Baltimore Ravens,Chris Moore,Chris,Moore,WR,Wide Receiver,Offense,17,Practice Squad,33,"6' 1""",200,10,2576581
BAL,Baltimore Ravens,Elijah Sarratt,Elijah,Sarratt,WR,Wide Receiver,Offense,13,Active,23,"6' 2""",210,0,5088338
BAL,Baltimore Ravens,Devontez Walker,Devontez,Walker,WR,Wide Receiver,Offense,81,Active,25,"6' 1""",198,3,4696882
BAL,Baltimore Ravens,LaJohntay Wester,LaJohntay,Wester,WR,Wide Receiver,Offense,10,Active,24,"5' 9""",170,2,4690143
BAL,Baltimore Ravens,Chidobe Awuzie,Chidobe,Awuzie,CB,Cornerback,Defense,3,Active,31,"5' 11""",202,10,3052101
BAL,Baltimore Ravens,Marlon Humphrey,Marlon,Humphrey,CB,Cornerback,Defense,44,Active,30,"6' 0""",210,10,3126356
BAL,Baltimore Ravens,Bilhal Kone,Bilhal,Kone,CB,Cornerback,Defense,31,Day-To-Day,24,"6' 1""",190,2,5083656
BAL,Baltimore Ravens,Keyon Martin,Keyon,Martin,CB,Cornerback,Defense,38,Active,25,"5' 9""",170,2,4694334
BAL,Baltimore Ravens,Chandler Rivers,Chandler,Rivers,CB,Cornerback,Defense,29,Active,22,"5' 9""",185,0,4702918
BAL,Baltimore Ravens,T.J. Tampa,T.J.,Tampa,CB,Cornerback,Defense,27,Active,24,"6' 1""",199,3,4575483
BAL,Baltimore Ravens,K'Von Wallace,K'Von,Wallace,CB,Cornerback,Defense,26,Practice Squad,29,"5' 11""",205,7,4035463
BAL,Baltimore Ravens,Lardarius Webb Jr.,Lardarius,Webb Jr.,CB,Cornerback,Defense,34,Practice Squad,23,"5' 9""",177,0,5151144
BAL,Baltimore Ravens,Nate Wiggins,Nate,Wiggins,CB,Cornerback,Defense,2,Active,23,"6' 1""",182,3,4601278
BAL,Baltimore Ravens,Calais Campbell,Calais,Campbell,DE,Defensive End,Defense,93,Active,40,"6' 8""",307,19,11284
BAL,Baltimore Ravens,Rayshaun Benny,Rayshaun,Benny,DT,Defensive Tackle,Defense,99,Practice Squad,24,"6' 3""",298,0,4432661
BAL,Baltimore Ravens,John Jenkins,John,Jenkins,DT,Defensive Tackle,Defense,94,Active,37,"6' 3""",360,14,15846
BAL,Baltimore Ravens,Travis Jones,Travis,Jones,DT,Defensive Tackle,Defense,98,Active,26,"6' 4""",341,5,4362139
BAL,Baltimore Ravens,Nnamdi Madubuike,Nnamdi,Madubuike,DT,Defensive Tackle,Defense,92,Active,28,"6' 3""",305,7,4035245
BAL,Baltimore Ravens,David Olajiga,David,Olajiga,DT,Defensive Tackle,Defense,65,Practice Squad,28,"6' 3""",315,1,5211114
BAL,Baltimore Ravens,Aeneas Peebles,Aeneas,Peebles,DT,Defensive Tackle,Defense,90,Active,25,"6' 0""",289,2,4565311
BAL,Baltimore Ravens,Broderick Washington Jr.,Broderick,Washington Jr.,DT,Defensive Tackle,Defense,96,Active,29,"6' 2""",315,7,3915837
BAL,Baltimore Ravens,Teddye Buchanan,Teddye,Buchanan,LB,Linebacker,Defense,40,Active,23,"6' 2""",240,2,4698244
BAL,Baltimore Ravens,Ethan Burke,Ethan,Burke,LB,Linebacker,Defense,45,Active,23,"6' 6""",267,0,4908867
BAL,Baltimore Ravens,Dominic DeLuca,Dominic,DeLuca,LB,Linebacker,Defense,42,Practice Squad,24,"6' 1""",228,0,4875379
BAL,Baltimore Ravens,Mike Green,Mike,Green,LB,Linebacker,Defense,15,Active,23,"6' 3""",250,2,4683188
BAL,Baltimore Ravens,Trey Hendrickson,Trey,Hendrickson,LB,Linebacker,Defense,91,Active,31,"6' 4""",270,10,3052743
BAL,Baltimore Ravens,Jay Higgins IV,Jay,Higgins IV,LB,Linebacker,Defense,49,Active,24,"6' 0""",230,2,4565350
BAL,Baltimore Ravens,Adisa Isaac,Adisa,Isaac,LB,Linebacker,Defense,50,Practice Squad,24,"6' 4""",253,3,4426372
BAL,Baltimore Ravens,Carl Jones,Carl,Jones,LB,Linebacker,Defense,48,Practice Squad,25,"6' 2""",230,2,4569428
BAL,Baltimore Ravens,Tavius Robinson,Tavius,Robinson,LB,Linebacker,Defense,95,Active,27,"6' 6""",262,4,4690179
BAL,Baltimore Ravens,Kaimon Rucker,Kaimon,Rucker,LB,Linebacker,Defense,56,Practice Squad,24,"6' 2""",265,1,4433904
BAL,Baltimore Ravens,Trenton Simpson,Trenton,Simpson,LB,Linebacker,Defense,32,Active,25,"6' 2""",235,4,4430831
BAL,Baltimore Ravens,Roquan Smith,Roquan,Smith,LB,Linebacker,Defense,0,Active,29,"6' 1""",235,9,3915189
BAL,Baltimore Ravens,Zion Young,Zion,Young,LB,Linebacker,Defense,9,Active,22,"6' 5""",262,0,4839501
BAL,Baltimore Ravens,Kyle Hamilton,Kyle,Hamilton,S,Safety,Defense,14,Active,25,"6' 4""",218,5,4575517
BAL,Baltimore Ravens,Jaylinn Hawkins,Jaylinn,Hawkins,S,Safety,Defense,21,Active,29,"6' 1""",208,7,3858276
BAL,Baltimore Ravens,Keondre Jackson,Keondre,Jackson,S,Safety,Defense,39,Active,23,"6' 2""",215,2,4878287
BAL,Baltimore Ravens,Dexter Moody,Dexter,Moody,S,Safety,Defense,3,Practice Squad,,"6' 1""",207,0,17218
BAL,Baltimore Ravens,Jahquez Robinson,Jahquez,Robinson,S,Safety,Defense,41,Day-To-Day,25,"6' 2""",201,0,4433887
BAL,Baltimore Ravens,Malaki Starks,Malaki,Starks,S,Safety,Defense,24,Active,22,"6' 1""",203,2,4685530
BAL,Baltimore Ravens,Nick Moore,Nick,Moore,LS,Long Snapper,Special Teams,46,Active,33,"6' 2""",260,5,3915184
BAL,Baltimore Ravens,Ryan Eckley,Ryan,Eckley,P,Punter,Special Teams,30,Active,22,"6' 0""",200,0,5084956
BAL,Baltimore Ravens,Tyler Loop,Tyler,Loop,PK,Place Kicker,Special Teams,33,Active,25,"5' 11""",191,2,4697745
BUF,Buffalo Bills,Austin Corbett,Austin,Corbett,C,Center,Offense,63,Active,30,"6' 4""",306,9,3056608
BUF,Buffalo Bills,Lloyd Cushenberry III,Lloyd,Cushenberry III,C,Center,Offense,53,Active,28,"6' 4""",315,7,4035448
BUF,Buffalo Bills,Connor McGovern,Connor,McGovern,C,Center,Offense,66,Active,28,"6' 6""",318,8,4033748
BUF,Buffalo Bills,Nick Broeker,Nick,Broeker,G,Guard,Offense,65,Practice Squad,25,"6' 4""",305,3,4426498
BUF,Buffalo Bills,Ar'maj Reed-Adams,Ar'maj,Reed-Adams,G,Guard,Offense,60,Active,24,"6' 5""",314,0,4606712
BUF,Buffalo Bills,O'Cyrus Torrence,O'Cyrus,Torrence,G,Guard,Offense,64,Active,26,"6' 5""",330,4,4428696
BUF,Buffalo Bills,Alec Anderson,Alec,Anderson,OT,Offensive Tackle,Offense,70,Active,26,"6' 5""",305,4,4367203
BUF,Buffalo Bills,Jude Bowry,Jude,Bowry,OT,Offensive Tackle,Offense,74,Active,23,"6' 5""",314,0,4869533
BUF,Buffalo Bills,Spencer Brown,Spencer,Brown,OT,Offensive Tackle,Offense,79,Active,28,"6' 8""",311,6,4030899
BUF,Buffalo Bills,Travis Clayton,Travis,Clayton,OT,Offensive Tackle,Offense,67,Practice Squad,25,"6' 7""",303,2,5209587
BUF,Buffalo Bills,Dion Dawkins,Dion,Dawkins,OT,Offensive Tackle,Offense,73,Active,32,"6' 5""",320,10,3051324
BUF,Buffalo Bills,Tylan Grable,Tylan,Grable,OT,Offensive Tackle,Offense,68,Active,26,"6' 5""",313,3,4368828
BUF,Buffalo Bills,Chase Lundt,Chase,Lundt,OT,Offensive Tackle,Offense,77,Practice Squad,26,"6' 7""",304,2,4427843
BUF,Buffalo Bills,Jedrick Wills Jr.,Jedrick,Wills Jr.,OT,Offensive Tackle,Offense,,Practice Squad,27,"6' 4""",307,6,4241482
BUF,Buffalo Bills,Josh Allen,Josh,Allen,QB,Quarterback,Offense,17,Active,30,"6' 5""",237,9,3918298
BUF,Buffalo Bills,Kyle Allen,Kyle,Allen,QB,Quarterback,Offense,11,Active,30,"6' 3""",210,8,3115293
BUF,Buffalo Bills,Shane Buechele,Shane,Buechele,QB,Quarterback,Offense,6,Practice Squad,28,"6' 0""",210,4,4039034
BUF,Buffalo Bills,James Cook III,James,Cook III,RB,Running Back,Offense,4,Active,26,"5' 11""",190,5,4379399
BUF,Buffalo Bills,Ray Davis,Ray,Davis,RB,Running Back,Offense,7,Active,26,"5' 8""",211,3,4429501
BUF,Buffalo Bills,Frank Gore Jr.,Frank,Gore Jr.,RB,Running Back,Offense,20,Practice Squad,24,"5' 8""",201,1,4429805
BUF,Buffalo Bills,Ty Johnson,Ty,Johnson,RB,Running Back,Offense,26,Active,28,"5' 10""",210,8,3915411
BUF,Buffalo Bills,Jackson Hawes,Jackson,Hawes,TE,Tight End,Offense,85,Active,25,"6' 4""",253,2,4573699
BUF,Buffalo Bills,Dalton Kincaid,Dalton,Kincaid,TE,Tight End,Offense,86,Active,26,"6' 3""",246,4,4385690
BUF,Buffalo Bills,Dawson Knox,Dawson,Knox,TE,Tight End,Offense,88,Active,29,"6' 4""",254,8,3930086
BUF,Buffalo Bills,Keleki Latu,Keleki,Latu,TE,Tight End,Offense,83,Active,24,"6' 6""",249,1,4688552
BUF,Buffalo Bills,Skyler Bell,Skyler,Bell,WR,Wide Receiver,Offense,13,Active,24,"5' 11""",192,0,4683153
BUF,Buffalo Bills,Keon Coleman,Keon,Coleman,WR,Wide Receiver,Offense,0,Active,23,"6' 3""",213,3,4635008
BUF,Buffalo Bills,Greg Dortch,Greg,Dortch,WR,Wide Receiver,Offense,,Practice Squad,28,"5' 7""",183,6,4037235
BUF,Buffalo Bills,Stephen Gosnell,Stephen,Gosnell,WR,Wide Receiver,Offense,89,Practice Squad,24,"6' 1""",198,1,4432215
BUF,Buffalo Bills,Ja'Mori Maclin,Ja'Mori,Maclin,WR,Wide Receiver,Offense,84,Practice Squad,24,"5' 10""",183,0,4430270
BUF,Buffalo Bills,DJ Moore,DJ,Moore,WR,Wide Receiver,Offense,2,Active,29,"6' 0""",213,9,3915416
BUF,Buffalo Bills,Joshua Palmer,Joshua,Palmer,WR,Wide Receiver,Offense,5,Active,26,"6' 1""",210,6,4242433
BUF,Buffalo Bills,Khalil Shakir,Khalil,Shakir,WR,Wide Receiver,Offense,10,Active,26,"6' 0""",190,5,4373678
BUF,Buffalo Bills,Tyrell Shavers,Tyrell,Shavers,WR,Wide Receiver,Offense,14,Day-To-Day,27,"6' 4""",211,2,4241476
BUF,Buffalo Bills,Trent Sherfield,Trent,Sherfield,WR,Wide Receiver,Offense,81,Practice Squad,30,"6' 0""",203,9,3122168
BUF,Buffalo Bills,Dee Alford,Dee,Alford,CB,Cornerback,Defense,23,Active,28,"5' 11""",180,5,4401823
BUF,Buffalo Bills,Christian Benford,Christian,Benford,CB,Cornerback,Defense,47,Active,25,"6' 1""",205,5,4379778
BUF,Buffalo Bills,Te'Cory Couch,Te'Cory,Couch,CB,Cornerback,Defense,33,Practice Squad,26,"5' 10""",185,1,4427348
BUF,Buffalo Bills,Maxwell Hairston,Maxwell,Hairston,CB,Cornerback,Defense,31,Active,23,"5' 11""",192,2,4688931
BUF,Buffalo Bills,Jordan Hancock,Jordan,Hancock,CB,Cornerback,Defense,37,Active,23,"6' 0""",195,2,4596480
BUF,Buffalo Bills,Davison Igbinosun,Davison,Igbinosun,CB,Cornerback,Defense,21,Active,22,"6' 2""",193,0,4832035
BUF,Buffalo Bills,Anthony Kendall,Anthony,Kendall,CB,Cornerback,Defense,30,Practice Squad,26,"5' 10""",188,3,5143279
BUF,Buffalo Bills,Dorian Strong,Dorian,Strong,CB,Cornerback,Defense,43,Day-To-Day,24,"6' 1""",185,2,4568703
BUF,Buffalo Bills,Kani Walker,Kani,Walker,CB,Cornerback,Defense,41,Practice Squad,23,"6' 2""",204,0,4682749
BUF,Buffalo Bills,Mike Danna,Mike,Danna,DE,Defensive End,Defense,51,Active,28,"6' 2""",261,6,3915487
BUF,Buffalo Bills,Michael Hoecht,Michael,Hoecht,DE,Defensive End,Defense,55,Active,28,"6' 4""",264,6,4033234
BUF,Buffalo Bills,Landon Jackson,Landon,Jackson,DE,Defensive End,Defense,94,Active,23,"6' 6""",264,2,4432715
BUF,Buffalo Bills,DeWayne Carter,DeWayne,Carter,DT,Defensive Tackle,Defense,90,Active,25,"6' 2""",302,3,4426883
BUF,Buffalo Bills,Zane Durant,Zane,Durant,DT,Defensive Tackle,Defense,92,Day-To-Day,22,"6' 1""",290,0,4685347
BUF,Buffalo Bills,Greg Gaines,Greg,Gaines,DT,Defensive Tackle,Defense,97,Active,30,"6' 1""",312,7,3127294
BUF,Buffalo Bills,Phidarian Mathis,Phidarian,Mathis,DT,Defensive Tackle,Defense,72,News,28,"6' 4""",312,5,4241468
BUF,Buffalo Bills,Ed Oliver,Ed,Oliver,DT,Defensive Tackle,Defense,91,Active,28,"6' 1""",287,8,4039303
BUF,Buffalo Bills,T.J. Sanders,T.J.,Sanders,DT,Defensive Tackle,Defense,98,Active,23,"6' 4""",297,2,4684527
BUF,Buffalo Bills,Deone Walker,Deone,Walker,DT,Defensive Tackle,Defense,96,Active,22,"6' 7""",331,2,4831989
BUF,Buffalo Bills,Joe Andreessen,Joe,Andreessen,LB,Linebacker,Defense,44,Active,26,"6' 1""",240,3,4366349
BUF,Buffalo Bills,Terrel Bernard,Terrel,Bernard,LB,Linebacker,Defense,8,Active,27,"6' 1""",224,5,4259166
BUF,Buffalo Bills,Bradley Chubb,Bradley,Chubb,LB,Linebacker,Defense,9,Active,30,"6' 4""",268,9,3116733
BUF,Buffalo Bills,Kaleb Elarms-Orr,Kaleb,Elarms-Orr,LB,Linebacker,Defense,52,Active,23,"6' 2""",234,0,4594321
BUF,Buffalo Bills,Keonta Jenkins,Keonta,Jenkins,LB,Linebacker,Defense,49,Practice Squad,24,"6' 2""",225,1,4577066
BUF,Buffalo Bills,Andre Jones Jr.,Andre,Jones Jr.,LB,Linebacker,Defense,59,Practice Squad,27,"6' 5""",258,2,4249214
BUF,Buffalo Bills,TJ Parker,TJ,Parker,LB,Linebacker,Defense,99,Active,21,"6' 3""",263,0,4870886
BUF,Buffalo Bills,Greg Rousseau,Greg,Rousseau,LB,Linebacker,Defense,15,Active,26,"6' 6""",266,6,4362506
BUF,Buffalo Bills,Javon Solomon,Javon,Solomon,LB,Linebacker,Defense,56,Active,25,"6' 1""",246,3,4428548
BUF,Buffalo Bills,Shaq Thompson,Shaq,Thompson,LB,Linebacker,Defense,45,Practice Squad,32,"6' 0""",230,11,2978313
BUF,Buffalo Bills,Dorian Williams,Dorian,Williams,LB,Linebacker,Defense,42,Active,25,"6' 1""",228,4,4568624
BUF,Buffalo Bills,Cole Bishop,Cole,Bishop,S,Safety,Defense,24,Active,23,"6' 2""",206,2,4676004
BUF,Buffalo Bills,Sam Franklin Jr.,Sam,Franklin Jr.,S,Safety,Defense,28,Active,30,"6' 3""",210,7,4044133
BUF,Buffalo Bills,C.J. Gardner-Johnson,C.J.,Gardner-Johnson,S,Safety,Defense,22,Active,28,"5' 11""",208,8,4034953
BUF,Buffalo Bills,Damar Hamlin,Damar,Hamlin,S,Safety,Defense,3,Active,28,"6' 0""",200,6,4036060
BUF,Buffalo Bills,Jalon Kilgore,Jalon,Kilgore,S,Safety,Defense,29,Active,21,"6' 1""",210,0,5076951
BUF,Buffalo Bills,Geno Stone,Geno,Stone,S,Safety,Defense,25,Practice Squad,27,"5' 11""",210,7,4240575
BUF,Buffalo Bills,Reid Ferguson,Reid,Ferguson,LS,Long Snapper,Special Teams,69,Active,32,"6' 2""",235,10,2976549
BUF,Buffalo Bills,Tommy Doman Jr.,Tommy,Doman Jr.,P,Punter,Special Teams,39,Active,24,"6' 4""",214,0,4682758
BUF,Buffalo Bills,Tyler Bass,Tyler,Bass,PK,Place Kicker,Special Teams,16,Active,29,"5' 10""",183,7,3917232
CAR,Carolina Panthers,Corey Bullock,Corey,Bullock,C,Center,Offense,,Active,24,"6' 3""",320,2,4576075
CAR,Carolina Panthers,Luke Fortner,Luke,Fortner,C,Center,Offense,77,Active,28,"6' 6""",300,5,4035048
CAR,Carolina Panthers,Sam Hecht,Sam,Hecht,C,Center,Offense,75,Active,23,"6' 4""",303,0,4874515
CAR,Carolina Panthers,Brady Christensen,Brady,Christensen,G,Guard,Offense,70,Day-To-Day,29,"6' 6""",300,6,4256062
CAR,Carolina Panthers,Robert Hunt,Robert,Hunt,G,Guard,Offense,50,Active,30,"6' 6""",323,7,3917592
CAR,Carolina Panthers,Damien Lewis,Damien,Lewis,G,Guard,Offense,68,Active,29,"6' 2""",327,7,4362647
CAR,Carolina Panthers,Torricelli Simpkins III,Torricelli,Simpkins III,G,Guard,Offense,,Practice Squad,24,"6' 5""",312,2,4696902
CAR,Carolina Panthers,Chandler Zavala,Chandler,Zavala,G,Guard,Offense,62,Practice Squad,27,"6' 3""",322,4,4710661
CAR,Carolina Panthers,Jake Curhan,Jake,Curhan,OT,Offensive Tackle,Offense,71,Practice Squad,28,"6' 6""",316,6,4035870
CAR,Carolina Panthers,Ikem Ekwonu,Ikem,Ekwonu,OT,Offensive Tackle,Offense,79,Day-To-Day,25,"6' 4""",320,5,4427132
CAR,Carolina Panthers,Stone Forsythe,Stone,Forsythe,OT,Offensive Tackle,Offense,73,Active,28,"6' 8""",307,6,4034962
CAR,Carolina Panthers,Monroe Freeling,Monroe,Freeling,OT,Offensive Tackle,Offense,57,Active,22,"6' 7""",315,0,4870694
CAR,Carolina Panthers,Taylor Moton,Taylor,Moton,OT,Offensive Tackle,Offense,72,Day-To-Day,32,"6' 5""",325,10,2973051
CAR,Carolina Panthers,Albert Reese IV,Albert,Reese IV,OT,Offensive Tackle,Offense,76,Active,24,"6' 7""",330,0,4683506
CAR,Carolina Panthers,Rasheed Walker,Rasheed,Walker,OT,Offensive Tackle,Offense,63,Active,26,"6' 6""",325,5,4361429
CAR,Carolina Panthers,Haynes King,Haynes,King,QB,Quarterback,Offense,16,Active,25,"6' 2""",212,0,4428993
CAR,Carolina Panthers,Kenny Pickett,Kenny,Pickett,QB,Quarterback,Offense,12,Active,28,"6' 3""",220,5,4240703
CAR,Carolina Panthers,Bryce Young,Bryce,Young,QB,Quarterback,Offense,9,Active,25,"5' 10""",204,4,4685720
CAR,Carolina Panthers,Jonathon Brooks,Jonathon,Brooks,RB,Running Back,Offense,25,Active,23,"6' 0""",207,3,4678008
CAR,Carolina Panthers,AJ Dillon,AJ,Dillon,RB,Running Back,Offense,28,Active,28,"6' 0""",247,7,4239934
CAR,Carolina Panthers,Trevor Etienne,Trevor,Etienne,RB,Running Back,Offense,23,Day-To-Day,22,"5' 8""",198,2,4685350
CAR,Carolina Panthers,Chuba Hubbard,Chuba,Hubbard,RB,Running Back,Offense,30,Active,27,"6' 1""",210,6,4241416
CAR,Carolina Panthers,Ahmani Marshall,Ahmani,Marshall,RB,Running Back,Offense,,Practice Squad,24,"6' 1""",225,,4432374
CAR,Carolina Panthers,Anthony Tyus III,Anthony,Tyus III,RB,Running Back,Offense,34,Practice Squad,23,"6' 1""",226,1,4709392
CAR,Carolina Panthers,Mitchell Evans,Mitchell,Evans,TE,Tight End,Offense,84,Active,23,"6' 5""",258,2,4683243
CAR,Carolina Panthers,Feleipe Franks,Feleipe,Franks,TE,Tight End,Offense,81,Active,28,"6' 6""",228,4,4034948
CAR,Carolina Panthers,Ja'Tavion Sanders,Ja'Tavion,Sanders,TE,Tight End,Offense,0,Active,23,"6' 4""",252,3,4431588
CAR,Carolina Panthers,Tommy Tremble,Tommy,Tremble,TE,Tight End,Offense,82,Active,26,"6' 4""",250,6,4372780
CAR,Carolina Panthers,Darren Waller,Darren,Waller,TE,Tight End,Offense,35,Active,33,"6' 6""",245,9,2576925
CAR,Carolina Panthers,Chris Brazzell II,Chris,Brazzell II,WR,Wide Receiver,Offense,19,Day-To-Day,22,"6' 4""",198,0,5091739
CAR,Carolina Panthers,Jalen Coker,Jalen,Coker,WR,Wide Receiver,Offense,18,Active,24,"6' 3""",213,3,4695883
CAR,Carolina Panthers,Jimmy Horn Jr.,Jimmy,Horn Jr.,WR,Wide Receiver,Offense,15,Active,23,"5' 8""",174,2,4708486
CAR,Carolina Panthers,Xavier Legette,Xavier,Legette,WR,Wide Receiver,Offense,17,Active,25,"6' 3""",227,3,4430034
CAR,Carolina Panthers,Tetairoa McMillan,Tetairoa,McMillan,WR,Wide Receiver,Offense,4,Active,23,"6' 5""",212,2,4685472
CAR,Carolina Panthers,John Metchie III,John,Metchie III,WR,Wide Receiver,Offense,13,Active,26,"5' 11""",187,4,4567096
CAR,Carolina Panthers,David Moore,David,Moore,WR,Wide Receiver,Offense,83,Practice Squad,31,"6' 0""",220,8,4212909
CAR,Carolina Panthers,Ja'seem Reed,Ja'seem,Reed,WR,Wide Receiver,Offense,86,Practice Squad,23,"6' 2""",195,1,4876995
CAR,Carolina Panthers,Brycen Tremayne,Brycen,Tremayne,WR,Wide Receiver,Offense,87,Active,26,"6' 4""",212,2,4360763
CAR,Carolina Panthers,Casey Washington,Casey,Washington,WR,Wide Receiver,Offense,88,Practice Squad,25,"6' 0""",200,3,4428796
CAR,Carolina Panthers,Zion Childress,Zion,Childress,CB,Cornerback,Defense,,Practice Squad,24,"5' 11""",203,1,4685841
CAR,Carolina Panthers,Akayleb Evans,Akayleb,Evans,CB,Cornerback,Defense,29,Active,27,"6' 2""",198,5,4244607
CAR,Carolina Panthers,Jaycee Horn,Jaycee,Horn,CB,Cornerback,Defense,8,Active,26,"6' 1""",200,6,4362847
CAR,Carolina Panthers,Mike Jackson,Mike,Jackson,CB,Cornerback,Defense,2,Active,29,"6' 1""",210,6,3917853
CAR,Carolina Panthers,Will Lee III,Will,Lee III,CB,Cornerback,Defense,24,Active,23,"6' 1""",189,0,5151083
CAR,Carolina Panthers,DeVonta Smith,DeVonta,Smith,CB,Cornerback,Defense,43,Practice Squad,23,"5' 11""",195,0,4594449
CAR,Carolina Panthers,Chau Smith-Wade,Chau,Smith-Wade,CB,Cornerback,Defense,26,Active,23,"5' 11""",176,3,4697636
CAR,Carolina Panthers,Corey Thornton,Corey,Thornton,CB,Cornerback,Defense,31,Practice Squad,25,"6' 1""",195,2,4431426
CAR,Carolina Panthers,Anthony Goodlow,Anthony,Goodlow,DE,Defensive End,Defense,,Practice Squad,26,"6' 5""",283,1,4372378
CAR,Carolina Panthers,Derrick Brown,Derrick,Brown,DT,Defensive Tackle,Defense,95,Active,28,"6' 5""",320,7,4035495
CAR,Carolina Panthers,Bobby Brown III,Bobby,Brown III,DT,Defensive Tackle,Defense,97,Active,26,"6' 4""",332,6,4372518
CAR,Carolina Panthers,TeRah Edwards,TeRah,Edwards,DT,Defensive Tackle,Defense,96,Active,25,"6' 2""",305,1,4431077
CAR,Carolina Panthers,Aaron Hall,Aaron,Hall,DT,Defensive Tackle,Defense,61,Active,23,"6' 4""",297,0,4602967
CAR,Carolina Panthers,Lee Hunter,Lee,Hunter,DT,Defensive Tackle,Defense,92,Active,24,"6' 3""",318,0,4431551
CAR,Carolina Panthers,Cam Jackson,Cam,Jackson,DT,Defensive Tackle,Defense,99,Active,24,"6' 6""",328,2,4687513
CAR,Carolina Panthers,Parker Petersen,Parker,Petersen,DT,Defensive Tackle,Defense,69,Practice Squad,23,"6' 4""",314,0,4875848
CAR,Carolina Panthers,Tershawn Wharton,Tershawn,Wharton,DT,Defensive Tackle,Defense,98,Day-To-Day,28,"6' 1""",280,7,4058925
CAR,Carolina Panthers,Claudin Cherelus,Claudin,Cherelus,LB,Linebacker,Defense,53,Active,27,"6' 2""",230,4,4256224
CAR,Carolina Panthers,Tyrel Dodson,Tyrel,Dodson,LB,Linebacker,Defense,,Practice Squad,28,"6' 0""",237,,4035232
CAR,Carolina Panthers,Cam Gill,Cam,Gill,LB,Linebacker,Defense,49,Practice Squad,28,"6' 3""",240,6,4034496
CAR,Carolina Panthers,Trevis Gipson,Trevis,Gipson,LB,Linebacker,Defense,52,Active,29,"6' 4""",255,7,3917016
CAR,Carolina Panthers,Thomas Incoom,Thomas,Incoom,LB,Linebacker,Defense,48,Active,27,"6' 2""",265,4,4714157
CAR,Carolina Panthers,Patrick Jones II,Patrick,Jones II,LB,Linebacker,Defense,91,Active,27,"6' 4""",264,6,4036063
CAR,Carolina Panthers,Jackson Kuwatch,Jackson,Kuwatch,LB,Linebacker,Defense,46,Active,23,"6' 4""",232,0,4875592
CAR,Carolina Panthers,Devin Lloyd,Devin,Lloyd,LB,Linebacker,Defense,55,Active,27,"6' 3""",235,5,4243256
CAR,Carolina Panthers,Bam Martin-Scott,Bam,Martin-Scott,LB,Linebacker,Defense,54,Day-To-Day,26,"6' 2""",231,2,4880613
CAR,Carolina Panthers,Mapalo Mwansa,Mapalo,Mwansa,LB,Linebacker,Defense,58,Practice Squad,22,"6' 2""",230,1,5279357
CAR,Carolina Panthers,Bobby Okereke,Bobby,Okereke,LB,Linebacker,Defense,,Active,30,"6' 2""",235,7,3117253
CAR,Carolina Panthers,Jaelan Phillips,Jaelan,Phillips,LB,Linebacker,Defense,5,Active,27,"6' 5""",266,6,4242975
CAR,Carolina Panthers,Nic Scourton,Nic,Scourton,LB,Linebacker,Defense,11,Day-To-Day,22,"6' 2""",257,2,4833355
CAR,Carolina Panthers,Princely Umanmielen,Princely,Umanmielen,LB,Linebacker,Defense,3,Active,24,"6' 4""",244,2,4429166
CAR,Carolina Panthers,Tre'von Moehrig,Tre'von,Moehrig,S,Safety,Defense,7,Active,27,"6' 2""",202,6,4362487
CAR,Carolina Panthers,Lathan Ransom,Lathan,Ransom,S,Safety,Defense,22,Active,24,"6' 0""",206,2,4429110
CAR,Carolina Panthers,Nick Scott,Nick,Scott,S,Safety,Defense,21,Active,31,"5' 11""",200,8,3116179
CAR,Carolina Panthers,Isaiah Simmons,Isaiah,Simmons,S,Safety,Defense,27,Practice Squad,28,"6' 4""",238,6,4035462
CAR,Carolina Panthers,Zakee Wheatley,Zakee,Wheatley,S,Safety,Defense,38,Active,24,"6' 3""",203,0,4566384
CAR,Carolina Panthers,JJ Jansen,JJ,Jansen,LS,Long Snapper,Special Teams,44,Active,40,"6' 2""",235,19,11759
CAR,Carolina Panthers,Sam Martin,Sam,Martin,P,Punter,Special Teams,6,Active,36,"6' 1""",205,14,15928
CAR,Carolina Panthers,Ryan Fitzgerald,Ryan,Fitzgerald,PK,Place Kicker,Special Teams,10,Active,26,"5' 11""",193,2,4568263
CHI,Chicago Bears,Garrett Bradbury,Garrett,Bradbury,C,Center,Offense,67,Active,31,"6' 3""",305,8,3116729
CHI,Chicago Bears,Logan Jones,Logan,Jones,C,Center,Offense,54,Active,24,"6' 3""",299,0,4686907
CHI,Chicago Bears,Caden Barnett,Caden,Barnett,G,Guard,Offense,76,Practice Squad,23,"6' 4""",316,0,4709983
CHI,Chicago Bears,Kyle Hergel,Kyle,Hergel,G,Guard,Offense,60,Practice Squad,26,"6' 2""",315,2,4384683
CHI,Chicago Bears,Jonah Jackson,Jonah,Jackson,G,Guard,Offense,73,Active,29,"6' 3""",319,7,3930040
CHI,Chicago Bears,Jordan McFadden,Jordan,McFadden,G,Guard,Offense,74,Active,26,"6' 2""",306,4,4360319
CHI,Chicago Bears,Joe Thuney,Joe,Thuney,G,Guard,Offense,62,Active,33,"6' 5""",301,11,2577773
CHI,Chicago Bears,Theo Benedet,Theo,Benedet,OT,Offensive Tackle,Offense,79,Active,24,"6' 7""",304,2,5125873
CHI,Chicago Bears,Braxton Jones,Braxton,Jones,OT,Offensive Tackle,Offense,70,Active,27,"6' 5""",303,5,4251007
CHI,Chicago Bears,Christian Jones,Christian,Jones,OT,Offensive Tackle,Offense,,Practice Squad,26,"6' 5""",320,3,4362103
CHI,Chicago Bears,Luke Newman,Luke,Newman,OT,Offensive Tackle,Offense,65,Active,24,"6' 3""",308,2,4695895
CHI,Chicago Bears,Ozzy Trapilo,Ozzy,Trapilo,OT,Offensive Tackle,Offense,75,Active,24,"6' 8""",312,2,4432595
CHI,Chicago Bears,Darnell Wright,Darnell,Wright,OT,Offensive Tackle,Offense,58,Active,25,"6' 5""",325,4,4426358
CHI,Chicago Bears,Tyson Bagent,Tyson,Bagent,QB,Quarterback,Offense,17,Active,26,"6' 3""",212,4,4434153
CHI,Chicago Bears,Case Keenum,Case,Keenum,QB,Quarterback,Offense,11,Active,38,"6' 1""",220,14,15168
CHI,Chicago Bears,Caleb Williams,Caleb,Williams,QB,Quarterback,Offense,18,Active,24,"6' 1""",226,3,4431611
CHI,Chicago Bears,Salvon Ahmed,Salvon,Ahmed,RB,Running Back,Offense,36,Practice Squad,27,"5' 11""",196,5,4243315
CHI,Chicago Bears,Brittain Brown,Brittain,Brown,RB,Running Back,Offense,38,Day-To-Day,28,"6' 1""",205,3,4036032
CHI,Chicago Bears,Roschon Johnson,Roschon,Johnson,RB,Running Back,Offense,23,Active,25,"6' 0""",227,4,4426386
CHI,Chicago Bears,Kyle Monangai,Kyle,Monangai,RB,Running Back,Offense,25,Active,24,"5' 8""",207,2,4608686
CHI,Chicago Bears,Zavier Scott,Zavier,Scott,RB,Running Back,Offense,,Practice Squad,27,"6' 1""",221,2,4257364
CHI,Chicago Bears,D'Andre Swift,D'Andre,Swift,RB,Running Back,Offense,4,Active,27,"5' 8""",204,7,4259545
CHI,Chicago Bears,Stephen Carlson,Stephen,Carlson,TE,Tight End,Offense,88,Practice Squad,29,"6' 4""",248,4,3948283
CHI,Chicago Bears,Qadir Ismail,Qadir,Ismail,TE,Tight End,Offense,80,Practice Squad,26,"6' 6""",245,1,4379769
CHI,Chicago Bears,Nikola Kalinic,Nikola,Kalinic,TE,Tight End,Offense,86,Day-To-Day,29,"6' 4""",248,2,4916349
CHI,Chicago Bears,Cole Kmet,Cole,Kmet,TE,Tight End,Offense,85,Active,27,"6' 6""",257,7,4258595
CHI,Chicago Bears,Hayden Large,Hayden,Large,TE,Tight End,Offense,43,Day-To-Day,24,"6' 4""",250,0,5150662
CHI,Chicago Bears,Colston Loveland,Colston,Loveland,TE,Tight End,Offense,84,Active,22,"6' 6""",241,2,4723086
CHI,Chicago Bears,Sam Roush,Sam,Roush,TE,Tight End,Offense,87,Active,22,"6' 5""",267,0,4685504
CHI,Chicago Bears,Luther Burden III,Luther,Burden III,WR,Wide Receiver,Offense,10,Active,22,"6' 0""",210,2,4685278
CHI,Chicago Bears,Kaden Davis,Kaden,Davis,WR,Wide Receiver,Offense,27,Practice Squad,27,"6' 1""",193,1,5065495
CHI,Chicago Bears,Scotty Miller,Scotty,Miller,WR,Wide Receiver,Offense,35,Practice Squad,29,"5' 9""",174,8,3914397
CHI,Chicago Bears,Rome Odunze,Rome,Odunze,WR,Wide Receiver,Offense,15,Active,24,"6' 3""",214,3,4431299
CHI,Chicago Bears,Kalif Raymond,Kalif,Raymond,WR,Wide Receiver,Offense,14,Active,32,"5' 9""",160,10,2973405
CHI,Chicago Bears,JP Richardson,JP,Richardson,WR,Wide Receiver,Offense,83,Practice Squad,24,"5' 11""",192,1,4685183
CHI,Chicago Bears,Zavion Thomas,Zavion,Thomas,WR,Wide Receiver,Offense,81,Active,22,"5' 10""",190,0,4869748
CHI,Chicago Bears,Jahdae Walker,Jahdae,Walker,WR,Wide Receiver,Offense,9,Active,24,"6' 3""",206,2,5160110
CHI,Chicago Bears,Beanie Bishop Jr.,Beanie,Bishop Jr.,CB,Cornerback,Defense,25,Day-To-Day,26,"5' 10""",184,2,4363052
CHI,Chicago Bears,Josh Blackwell,Josh,Blackwell,CB,Cornerback,Defense,39,Active,27,"5' 11""",179,5,4240459
CHI,Chicago Bears,Dallis Flowers,Dallis,Flowers,CB,Cornerback,Defense,37,Day-To-Day,29,"6' 1""",196,4,4917592
CHI,Chicago Bears,Kyler Gordon,Kyler,Gordon,CB,Cornerback,Defense,6,Day-To-Day,26,"5' 11""",200,5,4361093
CHI,Chicago Bears,Jaylon Johnson,Jaylon,Johnson,CB,Cornerback,Defense,1,Active,27,"6' 0""",195,7,4243253
CHI,Chicago Bears,Jaylon Jones,Jaylon,Jones,CB,Cornerback,Defense,33,Day-To-Day,28,"5' 11""",190,5,4047655
CHI,Chicago Bears,Cam Lewis,Cam,Lewis,CB,Cornerback,Defense,21,Active,29,"5' 9""",183,7,3916577
CHI,Chicago Bears,Dontae Manning,Dontae,Manning,CB,Cornerback,Defense,27,Day-To-Day,24,"5' 10""",190,1,4430805
CHI,Chicago Bears,Malik Muhammad,Malik,Muhammad,CB,Cornerback,Defense,24,Active,21,"6' 0""",182,0,4870953
CHI,Chicago Bears,Clark Phillips III,Clark,Phillips III,CB,Cornerback,Defense,,Active,24,"5' 9""",185,4,4429067
CHI,Chicago Bears,Deantre Prince,Deantre,Prince,CB,Cornerback,Defense,37,Practice Squad,25,"6' 0""",185,2,4428283
CHI,Chicago Bears,Tyrique Stevenson,Tyrique,Stevenson,CB,Cornerback,Defense,29,Active,26,"6' 0""",212,4,4426374
CHI,Chicago Bears,Austin Booker,Austin,Booker,DE,Defensive End,Defense,94,Active,23,"6' 6""",245,3,4683553
CHI,Chicago Bears,Marcus Davenport,Marcus,Davenport,DE,Defensive End,Defense,52,Practice Squad,30,"6' 6""",265,0,3124058
CHI,Chicago Bears,Jonathan Garvin,Jonathan,Garvin,DE,Defensive End,Defense,52,Day-To-Day,27,"6' 4""",257,4,4240655
CHI,Chicago Bears,Daniel Hardy,Daniel,Hardy,DE,Defensive End,Defense,92,Active,27,"6' 2""",255,4,4365629
CHI,Chicago Bears,Grady Jarrett,Grady,Jarrett,DE,Defensive End,Defense,50,Active,33,"6' 1""",294,12,2576492
CHI,Chicago Bears,Jamree Kromah,Jamree,Kromah,DE,Defensive End,Defense,59,Active,26,"6' 3""",268,1,4372463
CHI,Chicago Bears,Dayo Odeyingbo,Dayo,Odeyingbo,DE,Defensive End,Defense,55,Active,26,"6' 5""",282,6,4242659
CHI,Chicago Bears,Montez Sweat,Montez,Sweat,DE,Defensive End,Defense,98,Active,30,"6' 6""",270,8,3134690
CHI,Chicago Bears,Neville Gallimore,Neville,Gallimore,DT,Defensive Tackle,Defense,90,Active,29,"6' 2""",307,7,3892883
CHI,Chicago Bears,Jayden Loving,Jayden,Loving,DT,Defensive Tackle,Defense,91,Active,23,"6' 1""",309,0,4877376
CHI,Chicago Bears,James Lynch,James,Lynch,DT,Defensive Tackle,Defense,97,Active,27,"6' 4""",295,7,4259181
CHI,Chicago Bears,Kentavius Street,Kentavius,Street,DT,Defensive Tackle,Defense,93,Active,30,"6' 2""",315,8,3116726
CHI,Chicago Bears,Shemar Turner,Shemar,Turner,DT,Defensive Tackle,Defense,95,Day-To-Day,23,"6' 3""",293,2,4432804
CHI,Chicago Bears,Jordan van den Berg,Jordan,van den Berg,DT,Defensive Tackle,Defense,96,Active,24,"6' 3""",310,0,4875381
CHI,Chicago Bears,Devin Bush,Devin,Bush,LB,Linebacker,Defense,12,Active,28,"5' 11""",234,8,4036261
CHI,Chicago Bears,T.J. Edwards,T.J.,Edwards,LB,Linebacker,Defense,53,Active,30,"6' 0""",228,8,3121544
CHI,Chicago Bears,Keyshaun Elliott,Keyshaun,Elliott,LB,Linebacker,Defense,49,Active,22,"6' 1""",233,0,4911952
CHI,Chicago Bears,Tony Fields II,Tony,Fields II,LB,Linebacker,Defense,43,Day-To-Day,27,"6' 1""",220,6,4245655
CHI,Chicago Bears,Ruben Hyppolite II,Ruben,Hyppolite II,LB,Linebacker,Defense,47,Day-To-Day,24,"6' 0""",236,2,4429970
CHI,Chicago Bears,D'Marco Jackson,D'Marco,Jackson,LB,Linebacker,Defense,48,Active,28,"6' 1""",233,5,4241007
CHI,Chicago Bears,Buddy Johnson,Buddy,Johnson,LB,Linebacker,Defense,,Practice Squad,27,"6' 2""",240,5,4240900
CHI,Chicago Bears,Wayne Matthews III,Wayne,Matthews III,LB,Linebacker,Defense,35,Practice Squad,24,"6' 0""",221,0,4684963
CHI,Chicago Bears,Jack Sanborn,Jack,Sanborn,LB,Linebacker,Defense,57,Active,26,"6' 2""",234,5,4372576
CHI,Chicago Bears,Nephi Sewell,Nephi,Sewell,LB,Linebacker,Defense,45,Day-To-Day,27,"6' 0""",228,3,4241611
CHI,Chicago Bears,Noah Sewell,Noah,Sewell,LB,Linebacker,Defense,44,Day-To-Day,24,"6' 1""",246,4,4430822
CHI,Chicago Bears,Coby Bryant,Coby,Bryant,S,Safety,Defense,2,Day-To-Day,27,"6' 1""",193,5,4239094
CHI,Chicago Bears,Elijah Hicks,Elijah,Hicks,S,Safety,Defense,22,Active,26,"5' 11""",204,5,4242402
CHI,Chicago Bears,Marlen Sewell,Marlen,Sewell,S,Safety,Defense,36,Practice Squad,23,"6' 0""",199,0,4682641
CHI,Chicago Bears,Dillon Thieneman,Dillon,Thieneman,S,Safety,Defense,31,Active,22,"6' 0""",201,0,4954445
CHI,Chicago Bears,Skyler Thomas,Skyler,Thomas,S,Safety,Defense,38,Active,22,"6' 2""",191,0,4879561
CHI,Chicago Bears,Xavier Woods,Xavier,Woods,S,Safety,Defense,23,Active,31,"5' 11""",202,10,3040572
CHI,Chicago Bears,Beau Gardner,Beau,Gardner,LS,Long Snapper,Special Teams,45,Active,24,"6' 5""",249,0,4696723
CHI,Chicago Bears,Tory Taylor,Tory,Taylor,P,Punter,Special Teams,19,Active,28,"6' 4""",225,3,4686889
CHI,Chicago Bears,Cairo Santos,Cairo,Santos,PK,Place Kicker,Special Teams,8,Active,34,"5' 8""",173,13,17427
CIN,Cincinnati Bengals,Jacob Bayer,Jacob,Bayer,C,Center,Offense,69,Active,23,"6' 3""",310,1,4879478
CIN,Cincinnati Bengals,Ted Karras,Ted,Karras,C,Center,Offense,64,Active,33,"6' 4""",310,11,2576188
CIN,Cincinnati Bengals,Connor Lew,Connor,Lew,C,Center,Offense,65,Active,21,"6' 4""",310,0,4870866
CIN,Cincinnati Bengals,Dylan Fairchild,Dylan,Fairchild,G,Guard,Offense,63,Active,23,"6' 5""",318,2,4646773
CIN,Cincinnati Bengals,Dalton Risner,Dalton,Risner,G,Guard,Offense,66,Active,31,"6' 5""",312,8,3125082
CIN,Cincinnati Bengals,Jalen Rivers,Jalen,Rivers,G,Guard,Offense,74,Active,23,"6' 5""",319,2,4429010
CIN,Cincinnati Bengals,Orlando Brown Jr.,Orlando,Brown Jr.,OT,Offensive Tackle,Offense,75,Active,30,"6' 8""",350,9,3116370
CIN,Cincinnati Bengals,Javon Foster,Javon,Foster,OT,Offensive Tackle,Offense,73,Active,26,"6' 5""",319,2,4362769
CIN,Cincinnati Bengals,Blake Freeland,Blake,Freeland,OT,Offensive Tackle,Offense,,Practice Squad,25,"6' 7""",302,4,4429636
CIN,Cincinnati Bengals,Myles Hinton,Myles,Hinton,OT,Offensive Tackle,Offense,,Active,24,"6' 6""",323,2,4429000
CIN,Cincinnati Bengals,Amarius Mims,Amarius,Mims,OT,Offensive Tackle,Offense,71,Active,23,"6' 8""",350,3,4431571
CIN,Cincinnati Bengals,Brian Parker II,Brian,Parker II,OT,Offensive Tackle,Offense,62,Day-To-Day,22,"6' 5""",310,0,4689117
CIN,Cincinnati Bengals,Joe Burrow,Joe,Burrow,QB,Quarterback,Offense,9,Active,29,"6' 4""",215,7,3915511
CIN,Cincinnati Bengals,Sean Clifford,Sean,Clifford,QB,Quarterback,Offense,4,Practice Squad,28,"6' 2""",212,2,4259592
CIN,Cincinnati Bengals,Joe Flacco,Joe,Flacco,QB,Quarterback,Offense,16,Active,41,"6' 6""",245,19,11252
CIN,Cincinnati Bengals,Josh Johnson,Josh,Johnson,QB,Quarterback,Offense,11,Practice Squad,40,"6' 3""",219,12,11394
CIN,Cincinnati Bengals,Tahj Brooks,Tahj,Brooks,RB,Running Back,Offense,25,Active,24,"5' 9""",220,2,4429299
CIN,Cincinnati Bengals,Chase Brown,Chase,Brown,RB,Running Back,Offense,30,Active,26,"5' 10""",210,4,4362238
CIN,Cincinnati Bengals,Kentrel Bullock,Kentrel,Bullock,RB,Running Back,Offense,31,Practice Squad,24,"5' 10""",204,0,4430992
CIN,Cincinnati Bengals,Kendall Milton,Kendall,Milton,RB,Running Back,Offense,36,Practice Squad,24,"6' 1""",230,1,4429012
CIN,Cincinnati Bengals,Samaje Perine,Samaje,Perine,RB,Running Back,Offense,34,Active,30,"5' 11""",240,10,3116389
CIN,Cincinnati Bengals,Erick All Jr.,Erick,All Jr.,TE,Tight End,Offense,83,Active,25,"6' 5""",255,3,4427834
CIN,Cincinnati Bengals,Jack Endries,Jack,Endries,TE,Tight End,Offense,84,Active,22,"6' 5""",245,0,5085189
CIN,Cincinnati Bengals,Mike Gesicki,Mike,Gesicki,TE,Tight End,Offense,88,Active,30,"6' 6""",245,9,3116164
CIN,Cincinnati Bengals,Tanner Hudson,Tanner,Hudson,TE,Tight End,Offense,87,Practice Squad,31,"6' 5""",241,7,3050481
CIN,Cincinnati Bengals,Drew Sample,Drew,Sample,TE,Tight End,Offense,89,Active,30,"6' 5""",260,8,3127310
CIN,Cincinnati Bengals,Ja'Marr Chase,Ja'Marr,Chase,WR,Wide Receiver,Offense,1,Active,26,"6' 0""",205,6,4362628
CIN,Cincinnati Bengals,Tee Higgins,Tee,Higgins,WR,Wide Receiver,Offense,5,Active,27,"6' 4""",220,7,4239993
CIN,Cincinnati Bengals,Andrei Iosivas,Andrei,Iosivas,WR,Wide Receiver,Offense,80,Active,26,"6' 3""",210,4,4368003
CIN,Cincinnati Bengals,Dohnte Meyers,Dohnte,Meyers,WR,Wide Receiver,Offense,81,Active,26,"5' 11""",186,1,4384852
CIN,Cincinnati Bengals,Jordan Moore,Jordan,Moore,WR,Wide Receiver,Offense,14,Practice Squad,24,"6' 0""",191,1,4594444
CIN,Cincinnati Bengals,Noah Thomas,Noah,Thomas,WR,Wide Receiver,Offense,17,Practice Squad,22,"6' 5""",203,0,4718457
CIN,Cincinnati Bengals,Ke'Shawn Williams,Ke'Shawn,Williams,WR,Wide Receiver,Offense,12,Active,24,"5' 9""",189,2,4570738
CIN,Cincinnati Bengals,Colbie Young,Colbie,Young,WR,Wide Receiver,Offense,86,Active,24,"6' 3""",218,0,5092508
CIN,Cincinnati Bengals,Trikweze Bridges,Trikweze,Bridges,CB,Cornerback,Defense,,Practice Squad,25,"6' 2""",200,,4426513
CIN,Cincinnati Bengals,Jalen Davis,Jalen,Davis,CB,Cornerback,Defense,35,Active,30,"5' 10""",186,6,3125356
CIN,Cincinnati Bengals,Tacario Davis,Tacario,Davis,CB,Cornerback,Defense,20,Active,22,"6' 4""",194,0,4726127
CIN,Cincinnati Bengals,Dax Hill,Dax,Hill,CB,Cornerback,Defense,23,Active,25,"6' 0""",195,5,4426422
CIN,Cincinnati Bengals,DJ Ivey,DJ,Ivey,CB,Cornerback,Defense,38,Active,26,"6' 1""",192,4,4362502
CIN,Cincinnati Bengals,Bralyn Lux,Bralyn,Lux,CB,Cornerback,Defense,21,Practice Squad,26,"5' 10""",180,1,4575559
CIN,Cincinnati Bengals,Josh Newton,Josh,Newton,CB,Cornerback,Defense,28,Active,25,"5' 11""",190,3,4365319
CIN,Cincinnati Bengals,Ja'Sir Taylor,Ja'Sir,Taylor,CB,Cornerback,Defense,26,Day-To-Day,27,"5' 11""",185,5,4240434
CIN,Cincinnati Bengals,DJ Turner II,DJ,Turner II,CB,Cornerback,Defense,0,Active,25,"5' 11""",185,4,4572036
CIN,Cincinnati Bengals,Isaiah Foskey,Isaiah,Foskey,DE,Defensive End,Defense,51,Practice Squad,25,"6' 5""",280,4,4426457
CIN,Cincinnati Bengals,Cashius Howell,Cashius,Howell,DE,Defensive End,Defense,55,Active,23,"6' 3""",255,0,4710752
CIN,Cincinnati Bengals,Cedric Johnson,Cedric,Johnson,DE,Defensive End,Defense,52,Active,23,"6' 3""",264,3,4430065
CIN,Cincinnati Bengals,Boye Mafe,Boye,Mafe,DE,Defensive End,Defense,53,Active,27,"6' 4""",265,5,4240754
CIN,Cincinnati Bengals,Myles Murphy,Myles,Murphy,DE,Defensive End,Defense,99,Active,24,"6' 5""",275,4,4428985
CIN,Cincinnati Bengals,Garmon Randolph,Garmon,Randolph,DE,Defensive End,Defense,,Practice Squad,25,"6' 8""",260,1,4428304
CIN,Cincinnati Bengals,Shemar Stewart,Shemar,Stewart,DE,Defensive End,Defense,94,Active,22,"6' 5""",267,2,4685562
CIN,Cincinnati Bengals,Jonathan Allen,Jonathan,Allen,DT,Defensive Tackle,Defense,93,Active,31,"6' 3""",300,10,3054840
CIN,Cincinnati Bengals,Howard Cross III,Howard,Cross III,DT,Defensive Tackle,Defense,95,Practice Squad,25,"6' 1""",285,2,4426992
CIN,Cincinnati Bengals,B.J. Hill,B.J.,Hill,DT,Defensive Tackle,Defense,92,Active,31,"6' 3""",311,9,3116748
CIN,Cincinnati Bengals,Kris Jenkins Jr.,Kris,Jenkins Jr.,DT,Defensive Tackle,Defense,90,Active,24,"6' 3""",310,3,4432301
CIN,Cincinnati Bengals,Dexter Lawrence II,Dexter,Lawrence II,DT,Defensive Tackle,Defense,97,Active,28,"6' 5""",350,8,4035483
CIN,Cincinnati Bengals,Landon Robinson,Landon,Robinson,DT,Defensive Tackle,Defense,96,Active,23,"6' 0""",295,0,5081542
CIN,Cincinnati Bengals,T.J. Slaton Jr.,T.J.,Slaton Jr.,DT,Defensive Tackle,Defense,98,Active,28,"6' 5""",340,6,4240612
CIN,Cincinnati Bengals,Swayze Bozeman,Swayze,Bozeman,LB,Linebacker,Defense,47,Active,27,"6' 2""",225,2,4570546
CIN,Cincinnati Bengals,Oren Burks,Oren,Burks,LB,Linebacker,Defense,42,Active,31,"6' 3""",233,9,3051746
CIN,Cincinnati Bengals,Barrett Carter,Barrett,Carter,LB,Linebacker,Defense,49,Active,23,"6' 0""",231,2,4431519
CIN,Cincinnati Bengals,Joe Giles-Harris,Joe,Giles-Harris,LB,Linebacker,Defense,43,Practice Squad,29,"6' 2""",234,3,3917797
CIN,Cincinnati Bengals,Shaka Heyward,Shaka,Heyward,LB,Linebacker,Defense,50,Practice Squad,26,"6' 3""",238,3,4360413
CIN,Cincinnati Bengals,Demetrius Knight Jr.,Demetrius,Knight Jr.,LB,Linebacker,Defense,44,Active,26,"6' 2""",240,2,4427729
CIN,Cincinnati Bengals,Jordan Battle,Jordan,Battle,S,Safety,Defense,27,Active,25,"6' 1""",215,4,4567098
CIN,Cincinnati Bengals,Bryan Cook,Bryan,Cook,S,Safety,Defense,6,Active,26,"6' 1""",210,5,4247726
CIN,Cincinnati Bengals,Kyle Dugger,Kyle,Dugger,S,Safety,Defense,29,Active,30,"6' 1""",216,7,4401811
CIN,Cincinnati Bengals,PJ Jules,PJ,Jules,S,Safety,Defense,37,Active,25,"6' 0""",203,2,4429946
CIN,Cincinnati Bengals,Russ Yeast,Russ,Yeast,S,Safety,Defense,39,Practice Squad,27,"5' 10""",195,3,4240071
CIN,Cincinnati Bengals,William Wagner,William,Wagner,LS,Long Snapper,Special Teams,46,Active,25,"6' 2""",240,2,4572051
CIN,Cincinnati Bengals,Ryan Rehkow,Ryan,Rehkow,P,Punter,Special Teams,8,Active,27,"6' 4""",235,3,4608820
CIN,Cincinnati Bengals,Evan McPherson,Evan,McPherson,PK,Place Kicker,Special Teams,2,Active,27,"5' 11""",185,6,4360234
CLE,Cleveland Browns,Parker Brailsford,Parker,Brailsford,C,Center,Offense,52,Active,22,"6' 2""",290,0,4816090
CLE,Cleveland Browns,Elgton Jenkins,Elgton,Jenkins,C,Center,Offense,74,Active,30,"6' 5""",310,8,3115485
CLE,Cleveland Browns,Luke Wypler,Luke,Wypler,C,Center,Offense,56,Active,25,"6' 3""",303,4,4430806
CLE,Cleveland Browns,Michael Burton,Michael,Burton,FB,Fullback,Offense,34,Active,34,"6' 0""",247,11,2515270
CLE,Cleveland Browns,Kendrick Green,Kendrick,Green,G,Guard,Offense,53,Day-To-Day,27,"6' 4""",315,5,4240548
CLE,Cleveland Browns,Teven Jenkins,Teven,Jenkins,G,Guard,Offense,78,Active,28,"6' 6""",321,6,4038457
CLE,Cleveland Browns,Zion Johnson,Zion,Johnson,G,Guard,Offense,77,Active,26,"6' 3""",315,5,4247347
CLE,Cleveland Browns,Zak Zinter,Zak,Zinter,G,Guard,Offense,70,Active,25,"6' 6""",310,3,4433963
CLE,Cleveland Browns,Austin Barber,Austin,Barber,OT,Offensive Tackle,Offense,58,Active,23,"6' 7""",320,0,4597310
CLE,Cleveland Browns,Spencer Fano,Spencer,Fano,OT,Offensive Tackle,Offense,55,Active,21,"6' 6""",315,0,4870723
CLE,Cleveland Browns,Tytus Howard,Tytus,Howard,OT,Offensive Tackle,Offense,71,Active,30,"6' 5""",320,8,3131498
CLE,Cleveland Browns,Dawand Jones,Dawand,Jones,OT,Offensive Tackle,Offense,79,Active,25,"6' 8""",374,4,4427637
CLE,Cleveland Browns,KT Leveston,KT,Leveston,OT,Offensive Tackle,Offense,72,Practice Squad,26,"6' 4""",335,3,4373079
CLE,Cleveland Browns,Dillon Gabriel,Dillon,Gabriel,QB,Quarterback,Offense,6,Day-To-Day,25,"5' 11""",205,2,4427238
CLE,Cleveland Browns,Taylen Green,Taylen,Green,QB,Quarterback,Offense,15,Active,23,"6' 6""",230,0,4431325
CLE,Cleveland Browns,Shedeur Sanders,Shedeur,Sanders,QB,Quarterback,Offense,2,Active,24,"6' 2""",212,2,4432762
CLE,Cleveland Browns,Deshaun Watson,Deshaun,Watson,QB,Quarterback,Offense,4,Active,30,"6' 3""",223,10,3122840
CLE,Cleveland Browns,Quinshon Judkins,Quinshon,Judkins,RB,Running Back,Offense,10,Active,22,"6' 0""",221,2,4685702
CLE,Cleveland Browns,Jaleel McLaughlin,Jaleel,McLaughlin,RB,Running Back,Offense,,Practice Squad,25,"5' 7""",187,4,4722893
CLE,Cleveland Browns,Dylan Sampson,Dylan,Sampson,RB,Running Back,Offense,22,Active,21,"5' 8""",200,2,5081397
CLE,Cleveland Browns,Raheim Sanders,Raheim,Sanders,RB,Running Back,Offense,35,Active,24,"6' 0""",230,2,4601080
CLE,Cleveland Browns,Harold Fannin Jr.,Harold,Fannin Jr.,TE,Tight End,Offense,44,Active,22,"6' 4""",241,2,5083076
CLE,Cleveland Browns,Joe Royer,Joe,Royer,TE,Tight End,Offense,18,Day-To-Day,24,"6' 5""",250,0,4565859
CLE,Cleveland Browns,Carsen Ryan,Carsen,Ryan,TE,Tight End,Offense,48,Active,23,"6' 3""",255,0,4685540
CLE,Cleveland Browns,Messiah Swinson,Messiah,Swinson,TE,Tight End,Offense,,Practice Squad,26,"6' 7""",259,1,4362770
CLE,Cleveland Browns,Blake Whiteheart,Blake,Whiteheart,TE,Tight End,Offense,86,Active,26,"6' 4""",250,4,4362018
CLE,Cleveland Browns,Isaiah Bond,Isaiah,Bond,WR,Wide Receiver,Offense,0,Active,22,"5' 11""",180,2,4808839
CLE,Cleveland Browns,Denzel Boston,Denzel,Boston,WR,Wide Receiver,Offense,12,Active,22,"6' 4""",215,0,4832800
CLE,Cleveland Browns,KC Concepcion,KC,Concepcion,WR,Wide Receiver,Offense,1,Active,21,"6' 0""",190,0,4870653
CLE,Cleveland Browns,Malachi Corley,Malachi,Corley,WR,Wide Receiver,Offense,11,Active,24,"5' 11""",215,3,4613104
CLE,Cleveland Browns,Jerry Jeudy,Jerry,Jeudy,WR,Wide Receiver,Offense,3,Active,27,"6' 1""",195,7,4241463
CLE,Cleveland Browns,Bryce Oliver,Bryce,Oliver,WR,Wide Receiver,Offense,,Practice Squad,26,"6' 1""",214,3,4362617
CLE,Cleveland Browns,Jamari Thrash,Jamari,Thrash,WR,Wide Receiver,Offense,80,Day-To-Day,25,"6' 0""",190,3,4428678
CLE,Cleveland Browns,Tylan Wallace,Tylan,Wallace,WR,Wide Receiver,Offense,16,Active,27,"5' 11""",200,6,4241424
CLE,Cleveland Browns,Kole Wilson,Kole,Wilson,WR,Wide Receiver,Offense,87,Practice Squad,22,"5' 9""",177,0,5096863
CLE,Cleveland Browns,Mekhi Blackmon,Mekhi,Blackmon,CB,Cornerback,Defense,30,Active,27,"5' 11""",178,,4360677
CLE,Cleveland Browns,Myles Bryant,Myles,Bryant,CB,Cornerback,Defense,27,Practice Squad,28,"5' 9""",192,7,4039010
CLE,Cleveland Browns,Tyson Campbell,Tyson,Campbell,CB,Cornerback,Defense,7,Active,26,"6' 1""",195,6,4379397
CLE,Cleveland Browns,Michael Coats Jr.,Michael,Coats Jr.,CB,Cornerback,Defense,39,Practice Squad,25,"5' 9""",184,0,5160391
CLE,Cleveland Browns,Myles Harden,Myles,Harden,CB,Cornerback,Defense,26,Active,24,"5' 11""",195,3,4695783
CLE,Cleveland Browns,Noah Igbinoghene,Noah,Igbinoghene,CB,Cornerback,Defense,,Active,26,"5' 11""",197,7,4242516
CLE,Cleveland Browns,Damarri Mathis,Damarri,Mathis,CB,Cornerback,Defense,37,Day-To-Day,27,"5' 11""",195,5,4240707
CLE,Cleveland Browns,Toriano Pride Jr.,Toriano,Pride Jr.,CB,Cornerback,Defense,,Active,22,"5' 10""",185,0,4698598
CLE,Cleveland Browns,D'Angelo Ross,D'Angelo,Ross,CB,Cornerback,Defense,20,Practice Squad,32,"5' 9""",190,5,3139389
CLE,Cleveland Browns,Denzel Ward,Denzel,Ward,CB,Cornerback,Defense,21,Active,29,"5' 11""",190,9,3915535
CLE,Cleveland Browns,Derek Barnett,Derek,Barnett,DE,Defensive End,Defense,97,Active,30,"6' 3""",260,10,3115336
CLE,Cleveland Browns,Logan Fano,Logan,Fano,DE,Defensive End,Defense,97,Practice Squad,24,"6' 4""",252,0,5080699
CLE,Cleveland Browns,Adin Huntington,Adin,Huntington,DE,Defensive End,Defense,98,Active,24,"6' 1""",281,2,4605792
CLE,Cleveland Browns,Isaiah McGuire,Isaiah,McGuire,DE,Defensive End,Defense,57,Active,25,"6' 4""",268,4,4427963
CLE,Cleveland Browns,Tyreak Sapp,Tyreak,Sapp,DE,Defensive End,Defense,64,Practice Squad,23,"6' 2""",273,0,4889957
CLE,Cleveland Browns,Khordae Sydnor,Khordae,Sydnor,DE,Defensive End,Defense,90,Practice Squad,23,"6' 4""",264,0,4683129
CLE,Cleveland Browns,Jared Verse,Jared,Verse,DE,Defensive End,Defense,8,Active,25,"6' 4""",260,3,4578085
CLE,Cleveland Browns,Alex Wright,Alex,Wright,DE,Defensive End,Defense,91,Day-To-Day,25,"6' 5""",267,5,4570119
CLE,Cleveland Browns,Travis Bell,Travis,Bell,DT,Defensive Tackle,Defense,66,Day-To-Day,27,"6' 0""",310,2,4246741
CLE,Cleveland Browns,Elijah Chatman,Elijah,Chatman,DT,Defensive Tackle,Defense,62,Day-To-Day,25,"6' 0""",278,2,4429392
CLE,Cleveland Browns,Maliek Collins,Maliek,Collins,DT,Defensive Tackle,Defense,96,Active,31,"6' 2""",310,11,3040471
CLE,Cleveland Browns,Kalia Davis,Kalia,Davis,DT,Defensive Tackle,Defense,93,Day-To-Day,27,"6' 2""",310,5,4243541
CLE,Cleveland Browns,Mason Graham,Mason,Graham,DT,Defensive Tackle,Defense,94,Active,23,"6' 4""",315,2,4873232
CLE,Cleveland Browns,Mike Hall Jr.,Mike,Hall Jr.,DT,Defensive Tackle,Defense,51,Active,23,"6' 3""",300,3,4600415
CLE,Cleveland Browns,Sam Kamara,Sam,Kamara,DT,Defensive Tackle,Defense,92,Practice Squad,28,"6' 0""",272,4,4033855
CLE,Cleveland Browns,Chris Williams,Chris,Williams,DT,Defensive Tackle,Defense,,Practice Squad,28,"6' 2""",298,5,4034530
CLE,Cleveland Browns,Justin Jefferson,Justin,Jefferson,LB,Linebacker,Defense,17,Active,23,"6' 0""",223,0,5150249
CLE,Cleveland Browns,Easton Mascarenas-Arnold,Easton,Mascarenas-Arnold,LB,Linebacker,Defense,42,Active,23,"5' 11""",227,2,5085888
CLE,Cleveland Browns,Jeremiah Owusu-Koramoah,Jeremiah,Owusu-Koramoah,LB,Linebacker,Defense,6,Day-To-Day,26,"6' 2""",221,6,4258599
CLE,Cleveland Browns,Winston Reid,Winston,Reid,LB,Linebacker,Defense,59,Active,27,"6' 0""",225,3,4251125
CLE,Cleveland Browns,Carson Schwesinger,Carson,Schwesinger,LB,Linebacker,Defense,49,Active,23,"6' 3""",242,2,4876017
CLE,Cleveland Browns,Edefuan Ulofoshio,Edefuan,Ulofoshio,LB,Linebacker,Defense,54,Day-To-Day,26,"6' 1""",240,2,4374280
CLE,Cleveland Browns,Nathaniel Watson,Nathaniel,Watson,LB,Linebacker,Defense,40,Practice Squad,26,"6' 0""",233,3,4362895
CLE,Cleveland Browns,Quincy Williams,Quincy,Williams,LB,Linebacker,Defense,5,Active,30,"5' 11""",230,8,3110565
CLE,Cleveland Browns,Sam Williams,Sam,Williams,LB,Linebacker,Defense,,Active,27,"6' 4""",260,4,4567242
CLE,Cleveland Browns,Grant Delpit,Grant,Delpit,S,Safety,Defense,9,Active,27,"6' 3""",208,7,4242208
CLE,Cleveland Browns,Ronnie Hickman,Ronnie,Hickman,S,Safety,Defense,33,Active,24,"6' 1""",209,4,4569620
CLE,Cleveland Browns,Donovan McMillon,Donovan,McMillon,S,Safety,Defense,31,Active,24,"6' 2""",203,2,4686027
CLE,Cleveland Browns,Emmanuel McNeil-Warren,Emmanuel,McNeil-Warren,S,Safety,Defense,28,Active,22,"6' 3""",210,0,4837186
CLE,Cleveland Browns,Daniel Thomas,Daniel,Thomas,S,Safety,Defense,24,Active,28,"5' 10""",215,7,4035505
CLE,Cleveland Browns,Zion Washington,Zion,Washington,S,Safety,Defense,34,Practice Squad,23,"6' 1""",208,0,4709014
CLE,Cleveland Browns,Rex Sunahara,Rex,Sunahara,LS,Long Snapper,Special Teams,50,Active,29,"6' 6""",242,3,3913293
CLE,Cleveland Browns,Corey Bojorquez,Corey,Bojorquez,P,Punter,Special Teams,13,Active,29,"6' 0""",217,9,4039396
CLE,Cleveland Browns,Wes Pahl,Wes,Pahl,P,Punter,Special Teams,36,Practice Squad,24,"6' 4""",207,0,4690083
CLE,Cleveland Browns,Andre Szmyt,Andre,Szmyt,PK,Place Kicker,Special Teams,25,Active,27,"6' 0""",200,2,4258620
DAL,Dallas Cowboys,Cooper Beebe,Cooper,Beebe,C,Center,Offense,56,Active,25,"6' 3""",320,3,4426663
DAL,Dallas Cowboys,Matt Hennessy,Matt,Hennessy,C,Center,Offense,72,Day-To-Day,28,"6' 4""",295,7,4044138
DAL,Dallas Cowboys,Hunter Luepke,Hunter,Luepke,FB,Fullback,Offense,30,Active,26,"6' 1""",250,4,4383396
DAL,Dallas Cowboys,T.J. Bass,T.J.,Bass,G,Guard,Offense,66,Active,27,"6' 4""",320,4,4685120
DAL,Dallas Cowboys,Tyler Booker,Tyler,Booker,G,Guard,Offense,52,Active,22,"6' 5""",330,2,4685263
DAL,Dallas Cowboys,Nick Leverett,Nick,Leverett,G,Guard,Offense,51,Practice Squad,29,"6' 3""",310,5,3920591
DAL,Dallas Cowboys,Tyler Smith,Tyler,Smith,G,Guard,Offense,73,Active,25,"6' 5""",328,5,4568652
DAL,Dallas Cowboys,Ajani Cornelius,Ajani,Cornelius,OT,Offensive Tackle,Offense,65,Active,24,"6' 5""",318,2,4696203
DAL,Dallas Cowboys,Tyler Guyton,Tyler,Guyton,OT,Offensive Tackle,Offense,60,Active,25,"6' 7""",325,3,4609048
DAL,Dallas Cowboys,Marcellus Johnson,Marcellus,Johnson,OT,Offensive Tackle,Offense,79,Practice Squad,26,"6' 4""",307,1,4363547
DAL,Dallas Cowboys,Broderick Jones,Broderick,Jones,OT,Offensive Tackle,Offense,88,Active,25,"6' 5""",311,4,4428990
DAL,Dallas Cowboys,Wanya Morris,Wanya,Morris,OT,Offensive Tackle,Offense,,Practice Squad,25,"6' 6""",307,4,4570577
DAL,Dallas Cowboys,Drew Shelton,Drew,Shelton,OT,Offensive Tackle,Offense,67,Active,22,"6' 5""",313,0,4685554
DAL,Dallas Cowboys,Terence Steele,Terence,Steele,OT,Offensive Tackle,Offense,78,Active,29,"6' 6""",320,7,3915834
DAL,Dallas Cowboys,Sam Howell,Sam,Howell,QB,Quarterback,Offense,16,Active,25,"6' 1""",225,5,4426875
DAL,Dallas Cowboys,Joe Milton III,Joe,Milton III,QB,Quarterback,Offense,10,Practice Squad,26,"6' 5""",236,3,4360698
DAL,Dallas Cowboys,Dak Prescott,Dak,Prescott,QB,Quarterback,Offense,4,Active,33,"6' 2""",230,11,2577417
DAL,Dallas Cowboys,Israel Abanikanda,Israel,Abanikanda,RB,Running Back,Offense,30,Practice Squad,23,"5' 10""",217,3,4429202
DAL,Dallas Cowboys,Malik Davis,Malik,Davis,RB,Running Back,Offense,20,Active,27,"5' 10""",205,3,4240603
DAL,Dallas Cowboys,Emari Demercado,Emari,Demercado,RB,Running Back,Offense,,Active,27,"5' 9""",215,4,4362478
DAL,Dallas Cowboys,Javonte Williams,Javonte,Williams,RB,Running Back,Offense,33,Active,26,"5' 10""",222,6,4361579
DAL,Dallas Cowboys,Princeton Fant,Princeton,Fant,TE,Tight End,Offense,85,Day-To-Day,27,"6' 2""",245,2,4242442
DAL,Dallas Cowboys,Jake Ferguson,Jake,Ferguson,TE,Tight End,Offense,87,Active,27,"6' 5""",250,5,4242355
DAL,Dallas Cowboys,James Mitchell,James,Mitchell,TE,Tight End,Offense,,Practice Squad,27,"6' 4""",249,4,4361988
DAL,Dallas Cowboys,DJ Rogers,DJ,Rogers,TE,Tight End,Offense,49,Day-To-Day,24,"6' 4""",245,0,4710711
DAL,Dallas Cowboys,Luke Schoonmaker,Luke,Schoonmaker,TE,Tight End,Offense,86,Active,27,"6' 5""",250,4,4372096
DAL,Dallas Cowboys,Brevyn Spann-Ford,Brevyn,Spann-Ford,TE,Tight End,Offense,89,Active,26,"6' 6""",265,3,4360967
DAL,Dallas Cowboys,Michael Trigg,Michael,Trigg,TE,Tight End,Offense,46,Practice Squad,24,"6' 4""",240,0,4594749
DAL,Dallas Cowboys,Camden Brown,Camden,Brown,WR,Wide Receiver,Offense,6,Active,22,"6' 2""",204,0,4808759
DAL,Dallas Cowboys,Ryan Flournoy,Ryan,Flournoy,WR,Wide Receiver,Offense,19,Active,26,"6' 1""",205,3,5083754
DAL,Dallas Cowboys,Jordan Hudson,Jordan,Hudson,WR,Wide Receiver,Offense,18,Practice Squad,22,"6' 1""",199,0,4685409
DAL,Dallas Cowboys,CeeDee Lamb,CeeDee,Lamb,WR,Wide Receiver,Offense,88,Active,27,"6' 2""",198,7,4241389
DAL,Dallas Cowboys,Jonathan Mingo,Jonathan,Mingo,WR,Wide Receiver,Offense,81,Active,25,"6' 2""",225,4,4426485
DAL,Dallas Cowboys,George Pickens,George,Pickens,WR,Wide Receiver,Offense,3,Active,25,"6' 3""",200,5,4426354
DAL,Dallas Cowboys,Anthony Smith,Anthony,Smith,WR,Wide Receiver,Offense,83,Practice Squad,24,"6' 2""",197,0,4685110
DAL,Dallas Cowboys,KaVontae Turpin,KaVontae,Turpin,WR,Wide Receiver,Offense,9,Active,30,"5' 7""",158,5,3676833
DAL,Dallas Cowboys,DaRon Bland,DaRon,Bland,CB,Cornerback,Defense,26,Active,27,"6' 2""",202,5,4248911
DAL,Dallas Cowboys,Caelen Carson,Caelen,Carson,CB,Cornerback,Defense,21,Active,24,"6' 0""",195,3,4431006
DAL,Dallas Cowboys,Cobie Durant,Cobie,Durant,CB,Cornerback,Defense,2,Active,28,"5' 11""",181,5,4384549
DAL,Dallas Cowboys,Derion Kendrick,Derion,Kendrick,CB,Cornerback,Defense,15,Practice Squad,26,"6' 0""",205,5,4360307
DAL,Dallas Cowboys,Devin Moore,Devin,Moore,CB,Cornerback,Defense,29,Day-To-Day,22,"6' 3""",198,0,4702577
DAL,Dallas Cowboys,Shavon Revel Jr.,Shavon,Revel Jr.,CB,Cornerback,Defense,28,Active,25,"6' 1""",198,2,5095865
DAL,Dallas Cowboys,Ameer Speed,Ameer,Speed,CB,Cornerback,Defense,39,Active,26,"6' 3""",215,3,4259546
DAL,Dallas Cowboys,Reddy Steward,Reddy,Steward,CB,Cornerback,Defense,27,Practice Squad,25,"5' 11""",178,2,4428584
DAL,Dallas Cowboys,Elijah Garcia,Elijah,Garcia,DE,Defensive End,Defense,,Practice Squad,28,"6' 5""",302,4,4039170
DAL,Dallas Cowboys,Jonathan Bullard,Jonathan,Bullard,DT,Defensive Tackle,Defense,98,Active,32,"6' 3""",290,11,2980097
DAL,Dallas Cowboys,Kenny Clark,Kenny,Clark,DT,Defensive Tackle,Defense,97,Active,30,"6' 3""",314,11,3122752
DAL,Dallas Cowboys,Tommy Dunn Jr.,Tommy,Dunn Jr.,DT,Defensive Tackle,Defense,95,Practice Squad,24,"6' 3""",291,0,4689364
DAL,Dallas Cowboys,Kelvin Gilliam Jr.,Kelvin,Gilliam Jr.,DT,Defensive Tackle,Defense,94,Day-To-Day,23,"6' 2""",296,0,4431547
DAL,Dallas Cowboys,Adedayo Odeleye,Adedayo,Odeleye,DT,Defensive Tackle,Defense,96,Practice Squad,28,"6' 5""",283,1,5066095
DAL,Dallas Cowboys,Otito Ogbonnia,Otito,Ogbonnia,DT,Defensive Tackle,Defense,91,Active,26,"6' 4""",320,5,4367210
DAL,Dallas Cowboys,LT Overton,LT,Overton,DT,Defensive Tackle,Defense,99,Active,21,"6' 5""",274,0,4870960
DAL,Dallas Cowboys,Quinnen Williams,Quinnen,Williams,DT,Defensive Tackle,Defense,92,Active,28,"6' 3""",303,8,4040982
DAL,Dallas Cowboys,Jaishawn Barham,Jaishawn,Barham,LB,Linebacker,Defense,55,Active,22,"6' 3""",240,0,4685266
DAL,Dallas Cowboys,Justin Barron,Justin,Barron,LB,Linebacker,Defense,45,Practice Squad,24,"6' 4""",235,1,4429249
DAL,Dallas Cowboys,Donovan Ezeiruaku,Donovan,Ezeiruaku,LB,Linebacker,Defense,6,Active,22,"6' 2""",255,2,4683848
DAL,Dallas Cowboys,Rashan Gary,Rashan,Gary,LB,Linebacker,Defense,7,Active,28,"6' 5""",277,8,4046523
DAL,Dallas Cowboys,James Houston,James,Houston,LB,Linebacker,Defense,41,Active,27,"6' 1""",248,5,4240608
DAL,Dallas Cowboys,Shemar James,Shemar,James,LB,Linebacker,Defense,50,Active,22,"6' 1""",235,2,4685400
DAL,Dallas Cowboys,Isaiah Land,Isaiah,Land,LB,Linebacker,Defense,58,Practice Squad,26,"6' 3""",245,3,4574551
DAL,Dallas Cowboys,Malachi Lawrence,Malachi,Lawrence,LB,Linebacker,Defense,57,Active,23,"6' 4""",253,0,4710067
DAL,Dallas Cowboys,Marist Liufau,Marist,Liufau,LB,Linebacker,Defense,35,Day-To-Day,25,"6' 2""",238,3,4427816
DAL,Dallas Cowboys,Von Miller,Von,Miller,LB,Linebacker,Defense,40,Active,37,"6' 3""",245,16,13976
DAL,Dallas Cowboys,DeMarvion Overshown,DeMarvion,Overshown,LB,Linebacker,Defense,0,Active,26,"6' 3""",230,4,4362088
DAL,Dallas Cowboys,Curtis Robinson,Curtis,Robinson,LB,Linebacker,Defense,42,Practice Squad,28,"6' 3""",235,5,4044448
DAL,Dallas Cowboys,Tyrus Wheat,Tyrus,Wheat,LB,Linebacker,Defense,90,Active,26,"6' 2""",260,4,4689333
DAL,Dallas Cowboys,Dee Winters,Dee,Winters,LB,Linebacker,Defense,53,Active,25,"5' 11""",227,4,4428914
DAL,Dallas Cowboys,Markquese Bell,Markquese,Bell,S,Safety,Defense,14,Active,27,"6' 2""",215,5,4241921
DAL,Dallas Cowboys,Alijah Clark,Alijah,Clark,S,Safety,Defense,38,Active,23,"6' 1""",200,2,4595352
DAL,Dallas Cowboys,Caleb Downs,Caleb,Downs,S,Safety,Defense,13,Active,21,"6' 0""",206,0,4870706
DAL,Dallas Cowboys,Malik Hooker,Malik,Hooker,S,Safety,Defense,24,Active,30,"6' 1""",215,10,3121415
DAL,Dallas Cowboys,P.J. Locke,P.J.,Locke,S,Safety,Defense,1,Active,29,"5' 11""",202,7,3929850
DAL,Dallas Cowboys,Jalen Thompson,Jalen,Thompson,S,Safety,Defense,34,Active,28,"5' 11""",190,8,4043089
DAL,Dallas Cowboys,Trent Sieg,Trent,Sieg,LS,Long Snapper,Special Teams,44,Active,31,"6' 3""",255,9,3052357
DAL,Dallas Cowboys,Bryan Anger,Bryan,Anger,P,Punter,Special Teams,5,Active,37,"6' 3""",214,15,14950
DAL,Dallas Cowboys,Brandon Aubrey,Brandon,Aubrey,PK,Place Kicker,Special Teams,17,Active,31,"6' 3""",218,4,3953687
DEN,Denver Broncos,Michael Deiter,Michael,Deiter,C,Center,Offense,67,Day-To-Day,30,"6' 6""",310,7,3121541
DEN,Denver Broncos,Alex Forsyth,Alex,Forsyth,C,Center,Offense,54,Active,27,"6' 4""",312,4,4242503
DEN,Denver Broncos,Luke Wattenberg,Luke,Wattenberg,C,Center,Offense,60,Active,28,"6' 5""",300,5,4039018
DEN,Denver Broncos,Adam Prentice,Adam,Prentice,FB,Fullback,Offense,46,Practice Squad,29,"6' 0""",245,6,3929914
DEN,Denver Broncos,Nick Gargiulo,Nick,Gargiulo,G,Guard,Offense,66,Day-To-Day,26,"6' 5""",310,2,4368033
DEN,Denver Broncos,Quinn Meinerz,Quinn,Meinerz,G,Guard,Offense,77,Active,27,"6' 3""",320,6,4608138
DEN,Denver Broncos,Ben Powers,Ben,Powers,G,Guard,Offense,74,Active,29,"6' 4""",310,8,4037650
DEN,Denver Broncos,Calvin Throckmorton,Calvin,Throckmorton,G,Guard,Offense,76,Practice Squad,30,"6' 5""",311,6,3915147
DEN,Denver Broncos,Garett Bolles,Garett,Bolles,OT,Offensive Tackle,Offense,72,Active,34,"6' 5""",300,10,4035662
DEN,Denver Broncos,Kage Casey,Kage,Casey,OT,Offensive Tackle,Offense,78,Active,22,"6' 5""",310,0,4868598
DEN,Denver Broncos,Frank Crum,Frank,Crum,OT,Offensive Tackle,Offense,73,Day-To-Day,26,"6' 7""",315,3,4361691
DEN,Denver Broncos,Mike McGlinchey,Mike,McGlinchey,OT,Offensive Tackle,Offense,69,Active,31,"6' 8""",315,9,3052885
DEN,Denver Broncos,Tyler Miller,Tyler,Miller,OT,Offensive Tackle,Offense,71,Practice Squad,24,"6' 9""",335,0,4686442
DEN,Denver Broncos,Gavin Ortega,Gavin,Ortega,OT,Offensive Tackle,Offense,68,Practice Squad,22,"6' 5""",300,0,5085625
DEN,Denver Broncos,Alex Palczewski,Alex,Palczewski,OT,Offensive Tackle,Offense,63,Active,27,"6' 6""",314,4,4240551
DEN,Denver Broncos,Matt Peart,Matt,Peart,OT,Offensive Tackle,Offense,79,Active,29,"6' 7""",318,7,3921936
DEN,Denver Broncos,Sam Ehlinger,Sam,Ehlinger,QB,Quarterback,Offense,4,Active,27,"6' 1""",222,6,4241820
DEN,Denver Broncos,Bo Nix,Bo,Nix,QB,Quarterback,Offense,10,Active,26,"6' 2""",217,3,4426338
DEN,Denver Broncos,Jarrett Stidham,Jarrett,Stidham,QB,Quarterback,Offense,8,Active,30,"6' 3""",215,7,3892775
DEN,Denver Broncos,Tyler Badie,Tyler,Badie,RB,Running Back,Offense,28,Active,26,"5' 8""",197,3,4362748
DEN,Denver Broncos,Jonah Coleman,Jonah,Coleman,RB,Running Back,Offense,20,Active,23,"5' 8""",220,0,4702555
DEN,Denver Broncos,J.K. Dobbins,J.K.,Dobbins,RB,Running Back,Offense,27,Active,27,"5' 10""",212,7,4241985
DEN,Denver Broncos,RJ Harvey,RJ,Harvey,RB,Running Back,Offense,12,Active,25,"5' 8""",205,2,4568490
DEN,Denver Broncos,Cody Schrader,Cody,Schrader,RB,Running Back,Offense,25,Practice Squad,26,"5' 9""",214,3,4391845
DEN,Denver Broncos,Nate Adkins,Nate,Adkins,TE,Tight End,Offense,45,Active,27,"6' 3""",252,4,4383440
DEN,Denver Broncos,Dallen Bentley,Dallen,Bentley,TE,Tight End,Offense,89,Active,25,"6' 4""",253,0,5159802
DEN,Denver Broncos,Evan Engram,Evan,Engram,TE,Tight End,Offense,1,Active,32,"6' 3""",240,10,3051876
DEN,Denver Broncos,Lucas Krull,Lucas,Krull,TE,Tight End,Offense,85,Practice Squad,28,"6' 6""",260,4,4360231
DEN,Denver Broncos,Caleb Lohner,Caleb,Lohner,TE,Tight End,Offense,84,Day-To-Day,24,"6' 7""",250,1,4432208
DEN,Denver Broncos,Adam Trautman,Adam,Trautman,TE,Tight End,Offense,82,Active,29,"6' 5""",253,7,3911853
DEN,Denver Broncos,Michael Bandy,Michael,Bandy,WR,Wide Receiver,Offense,83,Practice Squad,28,"5' 10""",190,3,4034704
DEN,Denver Broncos,Pat Bryant,Pat,Bryant,WR,Wide Receiver,Offense,13,Active,23,"6' 2""",204,2,4600981
DEN,Denver Broncos,Troy Franklin,Troy,Franklin,WR,Wide Receiver,Offense,11,Active,23,"6' 3""",180,3,4431280
DEN,Denver Broncos,Lil'Jordan Humphrey,Lil'Jordan,Humphrey,WR,Wide Receiver,Offense,5,Active,28,"6' 4""",225,7,4039057
DEN,Denver Broncos,Kolbe Katsis,Kolbe,Katsis,WR,Wide Receiver,Offense,81,Practice Squad,24,"6' 1""",185,0,5225419
DEN,Denver Broncos,Dane Key,Dane,Key,WR,Wide Receiver,Offense,32,Practice Squad,23,"6' 3""",210,0,4685424
DEN,Denver Broncos,Marvin Mims Jr.,Marvin,Mims Jr.,WR,Wide Receiver,Offense,19,Active,24,"5' 11""",182,4,4686472
DEN,Denver Broncos,Courtland Sutton,Courtland,Sutton,WR,Wide Receiver,Offense,14,Active,30,"6' 4""",216,9,3128429
DEN,Denver Broncos,Jaylen Waddle,Jaylen,Waddle,WR,Wide Receiver,Offense,17,Active,27,"5' 10""",185,6,4372016
DEN,Denver Broncos,Kris Abrams-Draine,Kris,Abrams-Draine,CB,Cornerback,Defense,31,Active,24,"5' 11""",178,3,4429193
DEN,Denver Broncos,Brent Austin,Brent,Austin,CB,Cornerback,Defense,25,Practice Squad,22,"5' 11""",180,0,5082398
DEN,Denver Broncos,Jahdae Barron,Jahdae,Barron,CB,Cornerback,Defense,23,Active,24,"5' 11""",200,2,4430925
DEN,Denver Broncos,Sean Fresch,Sean,Fresch,CB,Cornerback,Defense,37,Practice Squad,24,"5' 9""",181,0,4565769
DEN,Denver Broncos,Ja'Quan McMillian,Ja'Quan,McMillian,CB,Cornerback,Defense,29,Active,26,"5' 10""",183,4,4567462
DEN,Denver Broncos,Riley Moss,Riley,Moss,CB,Cornerback,Defense,21,Active,26,"6' 0""",193,4,4382401
DEN,Denver Broncos,Pat Surtain II,Pat,Surtain II,CB,Cornerback,Defense,2,Active,26,"6' 2""",202,6,4372012
DEN,Denver Broncos,David Ebuka Agoha,David Ebuka,Agoha,DE,Defensive End,Defense,,Practice Squad,25,"6' 4""",252,1,5144941
DEN,Denver Broncos,Zach Allen,Zach,Allen,DE,Defensive End,Defense,99,Active,29,"6' 5""",285,8,3915282
DEN,Denver Broncos,Matt Henningsen,Matt,Henningsen,DE,Defensive End,Defense,91,Day-To-Day,27,"6' 3""",291,4,4242358
DEN,Denver Broncos,Sai'vion Jones,Sai'vion,Jones,DE,Defensive End,Defense,95,Active,23,"6' 5""",289,2,4603189
DEN,Denver Broncos,Eyioma Uwazurike,Eyioma,Uwazurike,DE,Defensive End,Defense,96,Active,28,"6' 6""",320,4,4066109
DEN,Denver Broncos,Jordan Jackson,Jordan,Jackson,DT,Defensive Tackle,Defense,94,Active,28,"6' 4""",294,3,4261090
DEN,Denver Broncos,D.J. Jones,D.J.,Jones,DT,Defensive Tackle,Defense,93,Active,31,"6' 0""",305,10,3894915
DEN,Denver Broncos,Tyler Onyedim,Tyler,Onyedim,DT,Defensive Tackle,Defense,98,Active,23,"6' 3""",292,0,4683535
DEN,Denver Broncos,Malcolm Roach,Malcolm,Roach,DT,Defensive Tackle,Defense,97,Active,28,"6' 3""",290,7,4039064
DEN,Denver Broncos,Levelle Bailey,Levelle,Bailey,LB,Linebacker,Defense,56,Day-To-Day,25,"6' 2""",225,2,4428241
DEN,Denver Broncos,Nik Bonitto,Nik,Bonitto,LB,Linebacker,Defense,15,Active,26,"6' 3""",240,5,4360259
DEN,Denver Broncos,Jonathon Cooper,Jonathon,Cooper,LB,Linebacker,Defense,0,News,28,"6' 4""",257,6,4040608
DEN,Denver Broncos,Jonah Elliss,Jonah,Elliss,LB,Linebacker,Defense,52,Active,23,"6' 2""",246,3,4687592
DEN,Denver Broncos,Red Murdock,Red,Murdock,LB,Linebacker,Defense,50,Practice Squad,22,"6' 1""",232,0,4912190
DEN,Denver Broncos,Karene Reid,Karene,Reid,LB,Linebacker,Defense,47,Active,26,"6' 0""",226,2,4875336
DEN,Denver Broncos,Que Robinson,Que,Robinson,LB,Linebacker,Defense,51,Active,25,"6' 4""",243,2,4692048
DEN,Denver Broncos,Drew Sanders,Drew,Sanders,LB,Linebacker,Defense,41,Day-To-Day,24,"6' 5""",233,4,4685721
DEN,Denver Broncos,Alex Singleton,Alex,Singleton,LB,Linebacker,Defense,49,Active,32,"6' 2""",240,8,2612151
DEN,Denver Broncos,Justin Strnad,Justin,Strnad,LB,Linebacker,Defense,40,Active,30,"6' 3""",235,7,3919548
DEN,Denver Broncos,Dondrea Tillman,Dondrea,Tillman,LB,Linebacker,Defense,92,Active,28,"6' 4""",247,3,5216101
DEN,Denver Broncos,Jordan Turner,Jordan,Turner,LB,Linebacker,Defense,55,Active,24,"6' 1""",231,2,4693373
DEN,Denver Broncos,Johnny Walker,Johnny,Walker,LB,Linebacker,Defense,59,Practice Squad,24,"6' 3""",250,2,4430973
DEN,Denver Broncos,Tycen Anderson,Tycen,Anderson,S,Safety,Defense,6,Active,27,"6' 2""",210,5,4257240
DEN,Denver Broncos,Talanoa Hufanga,Talanoa,Hufanga,S,Safety,Defense,9,Active,26,"6' 0""",200,6,4360853
DEN,Denver Broncos,Brandon Jones,Brandon,Jones,S,Safety,Defense,22,Active,28,"6' 0""",191,7,4039059
DEN,Denver Broncos,Devon Key,Devon,Key,S,Safety,Defense,26,Active,28,"6' 0""",208,3,4037559
DEN,Denver Broncos,Miles Scott,Miles,Scott,S,Safety,Defense,39,Practice Squad,24,"5' 11""",210,0,4880014
DEN,Denver Broncos,JL Skinner,JL,Skinner,S,Safety,Defense,34,Active,25,"6' 4""",220,4,4428503
DEN,Denver Broncos,Luke Basso,Luke,Basso,LS,Long Snapper,Special Teams,43,Practice Squad,23,"6' 3""",246,0,4875296
DEN,Denver Broncos,Mitchell Fraboni,Mitchell,Fraboni,LS,Long Snapper,Special Teams,48,Practice Squad,29,"6' 2""",223,5,3139166
DEN,Denver Broncos,Jeremy Crawshaw,Jeremy,Crawshaw,P,Punter,Special Teams,16,Active,25,"6' 3""",205,2,4589212
DEN,Denver Broncos,Wil Lutz,Wil,Lutz,PK,Place Kicker,Special Teams,3,Active,32,"5' 11""",184,11,2985659
DET,Detroit Lions,Cade Mays,Cade,Mays,C,Center,Offense,64,Day-To-Day,27,"6' 6""",325,5,4361788
DET,Detroit Lions,Ben Bartch,Ben,Bartch,G,Guard,Offense,78,Active,28,"6' 6""",318,7,4611506
DET,Detroit Lions,Miles Frazier,Miles,Frazier,G,Guard,Offense,71,Active,24,"6' 6""",325,2,4608890
DET,Detroit Lions,Elijah Klein,Elijah,Klein,G,Guard,Offense,,Practice Squad,26,"6' 4""",319,3,4362066
DET,Detroit Lions,Christian Mahogany,Christian,Mahogany,G,Guard,Offense,73,Active,25,"6' 3""",330,3,4427864
DET,Detroit Lions,Mason Miller,Mason,Miller,G,Guard,Offense,63,Practice Squad,24,"6' 7""",318,1,4693332
DET,Detroit Lions,Michael Niese,Michael,Niese,G,Guard,Offense,62,Day-To-Day,28,"6' 5""",300,3,4051353
DET,Detroit Lions,Tate Ratledge,Tate,Ratledge,G,Guard,Offense,69,Active,25,"6' 6""",322,2,4429035
DET,Detroit Lions,Juice Scruggs,Juice,Scruggs,G,Guard,Offense,70,Active,26,"6' 3""",320,4,4361425
DET,Detroit Lions,Larry Borom,Larry,Borom,OT,Offensive Tackle,Offense,79,Active,27,"6' 5""",325,6,4241217
DET,Detroit Lions,Devin Cochran,Devin,Cochran,OT,Offensive Tackle,Offense,77,Practice Squad,28,"6' 7""",322,3,4035270
DET,Detroit Lions,Giovanni Manu,Giovanni,Manu,OT,Offensive Tackle,Offense,59,Day-To-Day,25,"6' 7""",345,3,5209589
DET,Detroit Lions,Blake Miller,Blake,Miller,OT,Offensive Tackle,Offense,76,Active,22,"6' 6""",320,0,5081450
DET,Detroit Lions,Penei Sewell,Penei,Sewell,OT,Offensive Tackle,Offense,58,Active,25,"6' 5""",335,6,4373825
DET,Detroit Lions,Luke Altmyer,Luke,Altmyer,QB,Quarterback,Offense,2,Practice Squad,23,"6' 1""",213,0,4597679
DET,Detroit Lions,Joshua Dobbs,Joshua,Dobbs,QB,Quarterback,Offense,6,Active,31,"6' 3""",216,9,3044720
DET,Detroit Lions,Jared Goff,Jared,Goff,QB,Quarterback,Offense,16,Active,31,"6' 4""",217,11,3046779
DET,Detroit Lions,Jahmyr Gibbs,Jahmyr,Gibbs,RB,Running Back,Offense,0,Active,24,"5' 9""",202,4,4429795
DET,Detroit Lions,Justin Jackson,Justin,Jackson,RB,Running Back,Offense,38,Active,30,"6' 0""",199,6,3116136
DET,Detroit Lions,Isiah Pacheco,Isiah,Pacheco,RB,Running Back,Offense,10,Day-To-Day,27,"5' 10""",210,5,4361529
DET,Detroit Lions,Jacob Saylors,Jacob,Saylors,RB,Running Back,Offense,25,Active,26,"5' 11""",195,2,4383429
DET,Detroit Lions,Sione Vaki,Sione,Vaki,RB,Running Back,Offense,33,Active,25,"5' 11""",216,3,4912274
DET,Detroit Lions,Tyler Conklin,Tyler,Conklin,TE,Tight End,Offense,83,Active,31,"6' 3""",245,9,3915486
DET,Detroit Lions,Thomas Gordon,Thomas,Gordon,TE,Tight End,Offense,82,Practice Squad,25,"6' 4""",250,1,4569615
DET,Detroit Lions,Sam LaPorta,Sam,LaPorta,TE,Tight End,Offense,87,Active,25,"6' 3""",245,4,4430027
DET,Detroit Lions,Brock Wright,Brock,Wright,TE,Tight End,Offense,89,Active,27,"6' 5""",254,6,4242392
DET,Detroit Lions,Lucky Jackson,Lucky,Jackson,WR,Wide Receiver,Offense,11,Practice Squad,29,"6' 1""",185,1,3915802
DET,Detroit Lions,Tom Kennedy,Tom,Kennedy,WR,Wide Receiver,Offense,85,Practice Squad,30,"5' 10""",195,4,3126997
DET,Detroit Lions,Kendrick Law,Kendrick,Law,WR,Wide Receiver,Offense,88,Day-To-Day,22,"5' 11""",203,0,4685441
DET,Detroit Lions,Dominic Lovett,Dominic,Lovett,WR,Wide Receiver,Offense,19,Practice Squad,23,"5' 10""",185,2,4596439
DET,Detroit Lions,Tay Martin,Tay,Martin,WR,Wide Receiver,Offense,17,Active,28,"6' 3""",186,1,4245144
DET,Detroit Lions,Jackson Meeks,Jackson,Meeks,WR,Wide Receiver,Offense,13,Active,23,"6' 2""",235,1,4602788
DET,Detroit Lions,Amon-Ra St. Brown,Amon-Ra,St. Brown,WR,Wide Receiver,Offense,14,Active,26,"6' 0""",202,6,4374302
DET,Detroit Lions,Isaac TeSlaa,Isaac,TeSlaa,WR,Wide Receiver,Offense,18,Active,24,"6' 4""",214,2,5123663
DET,Detroit Lions,Jameson Williams,Jameson,Williams,WR,Wide Receiver,Offense,1,Active,25,"6' 1""",184,5,4426388
DET,Detroit Lions,Keith Abney II,Keith,Abney II,CB,Cornerback,Defense,28,Active,21,"5' 9""",187,0,5093004
DET,Detroit Lions,Aamaris Brown,Aamaris,Brown,CB,Cornerback,Defense,42,Practice Squad,24,"5' 10""",198,0,4565445
DET,Detroit Lions,Khalil Dorsey,Khalil,Dorsey,CB,Cornerback,Defense,30,Active,28,"5' 8""",190,6,4027919
DET,Detroit Lions,Avonte Maddox,Avonte,Maddox,CB,Cornerback,Defense,29,Active,30,"5' 9""",191,9,3123938
DET,Detroit Lions,Roger McCreary,Roger,McCreary,CB,Cornerback,Defense,21,Active,26,"5' 11""",190,5,4371973
DET,Detroit Lions,Ennis Rakestraw Jr.,Ennis,Rakestraw Jr.,CB,Cornerback,Defense,2,Active,24,"5' 11""",192,3,4566092
DET,Detroit Lions,D.J. Reed,D.J.,Reed,CB,Cornerback,Defense,4,Active,29,"5' 9""",190,9,3139387
DET,Detroit Lions,Nick Whiteside,Nick,Whiteside,CB,Cornerback,Defense,38,Practice Squad,26,"6' 1""",200,2,5143915
DET,Detroit Lions,Rock Ya-Sin,Rock,Ya-Sin,CB,Cornerback,Defense,23,Active,30,"5' 11""",195,8,3910229
DET,Detroit Lions,Ahmed Hassanein,Ahmed,Hassanein,DE,Defensive End,Defense,99,Active,24,"6' 2""",275,1,4710422
DET,Detroit Lions,Aidan Hutchinson,Aidan,Hutchinson,DE,Defensive End,Defense,97,Active,26,"6' 7""",268,5,4372099
DET,Detroit Lions,Anthony Lucas,Anthony,Lucas,DE,Defensive End,Defense,61,Practice Squad,21,"6' 5""",265,0,4685442
DET,Detroit Lions,Derrick Moore,Derrick,Moore,DE,Defensive End,Defense,9,Active,23,"6' 3""",260,0,4685461
DET,Detroit Lions,Eric O'Neill,Eric,O'Neill,DE,Defensive End,Defense,66,Active,23,"6' 2""",250,0,4892218
DET,Detroit Lions,Levi Onwuzurike,Levi,Onwuzurike,DE,Defensive End,Defense,95,Active,28,"6' 3""",304,6,4039020
DET,Detroit Lions,Payton Turner,Payton,Turner,DE,Defensive End,Defense,92,Day-To-Day,27,"6' 6""",272,6,4240269
DET,Detroit Lions,Skyler Gill-Howard,Skyler,Gill-Howard,DT,Defensive Tackle,Defense,50,Active,23,"6' 0""",280,0,5103940
DET,Detroit Lions,Tyler Lacy,Tyler,Lacy,DT,Defensive Tackle,Defense,93,Active,26,"6' 4""",300,4,4361861
DET,Detroit Lions,Alim McNeill,Alim,McNeill,DT,Defensive Tackle,Defense,54,Active,26,"6' 2""",310,6,4361662
DET,Detroit Lions,Chris Smith,Chris,Smith,DT,Defensive Tackle,Defense,90,Practice Squad,26,"6' 1""",320,1,4367835
DET,Detroit Lions,Ben Stille,Ben,Stille,DT,Defensive Tackle,Defense,72,Practice Squad,28,"6' 4""",296,3,4034861
DET,Detroit Lions,Tyre West,Tyre,West,DT,Defensive Tackle,Defense,52,Practice Squad,23,"6' 1""",290,0,4685609
DET,Detroit Lions,Tyleik Williams,Tyleik,Williams,DT,Defensive Tackle,Defense,91,Active,23,"6' 3""",325,2,4431615
DET,Detroit Lions,Mekhi Wingo,Mekhi,Wingo,DT,Defensive Tackle,Defense,94,Active,23,"6' 0""",282,3,4586333
DET,Detroit Lions,Joe Bachie,Joe,Bachie,LB,Linebacker,Defense,35,Practice Squad,28,"6' 2""",238,7,4036507
DET,Detroit Lions,Derrick Barnes,Derrick,Barnes,LB,Linebacker,Defense,55,Active,27,"6' 0""",240,6,4260409
DET,Detroit Lions,Jack Campbell,Jack,Campbell,LB,Linebacker,Defense,46,Active,26,"6' 5""",246,4,4569465
DET,Detroit Lions,Damone Clark,Damone,Clark,LB,Linebacker,Defense,11,Day-To-Day,26,"6' 2""",240,5,4362636
DET,Detroit Lions,Trevor Nowaske,Trevor,Nowaske,LB,Linebacker,Defense,53,Active,27,"6' 3""",237,4,5144894
DET,Detroit Lions,Amen Ogbongbemiga,Amen,Ogbongbemiga,LB,Linebacker,Defense,57,Practice Squad,28,"6' 0""",231,6,4038432
DET,Detroit Lions,Malcolm Rodriguez,Malcolm,Rodriguez,LB,Linebacker,Defense,44,Active,27,"5' 11""",230,5,4241411
DET,Detroit Lions,Jimmy Rolder,Jimmy,Rolder,LB,Linebacker,Defense,41,Active,22,"6' 2""",238,0,4896353
DET,Detroit Lions,Devin White,Devin,White,LB,Linebacker,Defense,45,Active,28,"6' 0""",237,8,4035434
DET,Detroit Lions,DJ Wonnum,DJ,Wonnum,LB,Linebacker,Defense,98,Active,28,"6' 5""",262,7,4038849
DET,Detroit Lions,Brian Branch,Brian,Branch,S,Safety,Defense,32,Day-To-Day,24,"6' 0""",203,4,4692025
DET,Detroit Lions,Chuck Clark,Chuck,Clark,S,Safety,Defense,36,Active,31,"6' 0""",210,10,3045463
DET,Detroit Lions,Thomas Harper,Thomas,Harper,S,Safety,Defense,12,Active,25,"5' 8""",195,3,4569323
DET,Detroit Lions,Christian Izien,Christian,Izien,S,Safety,Defense,27,Active,26,"5' 10""",206,4,4372459
DET,Detroit Lions,Kerby Joseph,Kerby,Joseph,S,Safety,Defense,31,Day-To-Day,25,"6' 0""",210,5,4360383
DET,Detroit Lions,Hogan Hatten,Hogan,Hatten,LS,Long Snapper,Special Teams,49,Active,26,"6' 2""",239,3,4571755
DET,Detroit Lions,Jack Fox,Jack,Fox,P,Punter,Special Teams,3,Active,30,"6' 2""",218,7,3916370
DET,Detroit Lions,Jake Bates,Jake,Bates,PK,Place Kicker,Special Teams,39,Active,27,"5' 10""",205,3,4689936
GB,Green Bay Packers,Jager Burton,Jager,Burton,C,Center,Offense,52,Active,24,"6' 4""",312,0,4569661
GB,Green Bay Packers,Jacob Monk,Jacob,Monk,C,Center,Offense,62,Active,25,"6' 3""",308,3,4428037
GB,Green Bay Packers,Aaron Banks,Aaron,Banks,G,Guard,Offense,65,Active,29,"6' 5""",325,6,4242390
GB,Green Bay Packers,Josh Gesky,Josh,Gesky,G,Guard,Offense,76,Practice Squad,23,"6' 5""",308,0,4687706
GB,Green Bay Packers,Donovan Jennings,Donovan,Jennings,G,Guard,Offense,67,Active,26,"6' 4""",323,2,4360887
GB,Green Bay Packers,Jordan Morgan,Jordan,Morgan,G,Guard,Offense,77,Active,25,"6' 5""",311,3,3821571
GB,Green Bay Packers,Sean Rhyan,Sean,Rhyan,G,Guard,Offense,75,Active,25,"6' 5""",321,5,4426411
GB,Green Bay Packers,Dillon Wade,Dillon,Wade,G,Guard,Offense,68,Practice Squad,24,"6' 3""",316,0,4581189
GB,Green Bay Packers,John Williams,John,Williams,G,Guard,Offense,73,Active,24,"6' 5""",280,2,2312707
GB,Green Bay Packers,Zach Bako-Bewele,Zach,Bako-Bewele,OT,Offensive Tackle,Offense,50,Active,27,"6' 4""",304,5,4240435
GB,Green Bay Packers,Anthony Belton,Anthony,Belton,OT,Offensive Tackle,Offense,71,Active,25,"6' 6""",336,2,4873706
GB,Green Bay Packers,Dalton Cooper,Dalton,Cooper,OT,Offensive Tackle,Offense,78,Practice Squad,25,"6' 6""",326,1,4426972
GB,Green Bay Packers,Travis Glover,Travis,Glover,OT,Offensive Tackle,Offense,79,Active,26,"6' 6""",317,3,4361904
GB,Green Bay Packers,Jordan Love,Jordan,Love,QB,Quarterback,Offense,10,Active,27,"6' 4""",219,7,4036378
GB,Green Bay Packers,Kedon Slovis,Kedon,Slovis,QB,Quarterback,Offense,,Practice Squad,25,"6' 2""",223,,4428512
GB,Green Bay Packers,Tyrod Taylor,Tyrod,Taylor,QB,Quarterback,Offense,6,Active,37,"6' 1""",217,16,14163
GB,Green Bay Packers,Chris Brooks,Chris,Brooks,RB,Running Back,Offense,30,Active,26,"6' 1""",219,4,3149687
GB,Green Bay Packers,Josh Jacobs,Josh,Jacobs,RB,Running Back,Offense,8,News,28,"5' 10""",223,8,4047365
GB,Green Bay Packers,Kaleb Johnson,Kaleb,Johnson,RB,Running Back,Offense,,Active,23,"6' 1""",224,2,4819231
GB,Green Bay Packers,MarShawn Lloyd,MarShawn,Lloyd,RB,Running Back,Offense,32,Active,25,"5' 9""",220,3,4429023
GB,Green Bay Packers,Pierre Strong Jr.,Pierre,Strong Jr.,RB,Running Back,Offense,22,Practice Squad,27,"5' 11""",207,4,4249836
GB,Green Bay Packers,Drake Dabney,Drake,Dabney,TE,Tight End,Offense,49,Practice Squad,24,"6' 5""",246,1,4429466
GB,Green Bay Packers,Tucker Kraft,Tucker,Kraft,TE,Tight End,Offense,85,Active,25,"6' 5""",259,4,4572680
GB,Green Bay Packers,Luke Musgrave,Luke,Musgrave,TE,Tight End,Offense,88,Day-To-Day,26,"6' 6""",253,4,4428085
GB,Green Bay Packers,Mark Redman,Mark,Redman,TE,Tight End,Offense,,Active,24,"6' 5""",258,1,4431346
GB,Green Bay Packers,Jonnu Smith,Jonnu,Smith,TE,Tight End,Offense,,Active,31,"6' 3""",248,9,3054212
GB,Green Bay Packers,Josh Whyle,Josh,Whyle,TE,Tight End,Offense,81,Active,26,"6' 7""",248,4,4360086
GB,Green Bay Packers,Thomas Yassmin,Thomas,Yassmin,TE,Tight End,Offense,84,Day-To-Day,26,"6' 4""",245,1,4361027
GB,Green Bay Packers,Matthew Golden,Matthew,Golden,WR,Wide Receiver,Offense,0,Active,23,"5' 11""",191,2,4701936
GB,Green Bay Packers,Chris Hilton Jr.,Chris,Hilton Jr.,WR,Wide Receiver,Offense,37,Practice Squad,23,"6' 0""",188,0,4431334
GB,Green Bay Packers,Bo Melton,Bo,Melton,WR,Wide Receiver,Offense,16,Active,27,"5' 11""",189,3,4259305
GB,Green Bay Packers,Skyy Moore,Skyy,Moore,WR,Wide Receiver,Offense,23,Active,25,"5' 10""",195,5,4430191
GB,Green Bay Packers,Isaiah Neyor,Isaiah,Neyor,WR,Wide Receiver,Offense,80,Practice Squad,25,"6' 4""",218,1,4428116
GB,Green Bay Packers,Jayden Reed,Jayden,Reed,WR,Wide Receiver,Offense,11,Active,26,"5' 11""",187,4,4362249
GB,Green Bay Packers,J. Michael Sturdivant,J. Michael,Sturdivant,WR,Wide Receiver,Offense,87,Active,23,"6' 3""",207,0,4635009
GB,Green Bay Packers,Christian Watson,Christian,Watson,WR,Wide Receiver,Offense,9,Active,27,"6' 4""",215,5,4248528
GB,Green Bay Packers,Savion Williams,Savion,Williams,WR,Wide Receiver,Offense,83,Day-To-Day,24,"6' 4""",222,2,4431487
GB,Green Bay Packers,Brandon Cisse,Brandon,Cisse,CB,Cornerback,Defense,2,Active,21,"6' 0""",189,0,5076652
GB,Green Bay Packers,Kamal Hadden,Kamal,Hadden,CB,Cornerback,Defense,36,Active,25,"6' 1""",192,2,4427356
GB,Green Bay Packers,Domani Jackson,Domani,Jackson,CB,Cornerback,Defense,20,Practice Squad,23,"6' 0""",194,0,4685402
GB,Green Bay Packers,Keisean Nixon,Keisean,Nixon,CB,Cornerback,Defense,25,Active,29,"5' 10""",200,8,4259493
GB,Green Bay Packers,Benjamin St-Juste,Benjamin,St-Juste,CB,Cornerback,Defense,21,Active,28,"6' 3""",200,6,4258206
GB,Green Bay Packers,Carrington Valentine,Carrington,Valentine,CB,Cornerback,Defense,24,Active,24,"6' 0""",189,4,4430965
GB,Green Bay Packers,Brenton Cox Jr.,Brenton,Cox Jr.,DE,Defensive End,Defense,57,Active,26,"6' 4""",250,4,4361776
GB,Green Bay Packers,Dani Dennis-Sutton,Dani,Dennis-Sutton,DE,Defensive End,Defense,51,Active,22,"6' 5""",256,0,4685315
GB,Green Bay Packers,Nyjalik Kelly,Nyjalik,Kelly,DE,Defensive End,Defense,47,Practice Squad,21,"6' 5""",263,0,4726151
GB,Green Bay Packers,Arron Mosby,Arron,Mosby,DE,Defensive End,Defense,53,Practice Squad,27,"6' 3""",250,4,4242996
GB,Green Bay Packers,Collin Oliver,Collin,Oliver,DE,Defensive End,Defense,45,Day-To-Day,23,"6' 2""",240,2,4683059
GB,Green Bay Packers,Micah Parsons,Micah,Parsons,DE,Defensive End,Defense,1,Day-To-Day,27,"6' 3""",250,6,4361423
GB,Green Bay Packers,Barryn Sorrell,Barryn,Sorrell,DE,Defensive End,Defense,99,Active,23,"6' 3""",256,2,4683643
GB,Green Bay Packers,Lukas Van Ness,Lukas,Van Ness,DE,Defensive End,Defense,90,Active,25,"6' 5""",272,4,4686906
GB,Green Bay Packers,Warren Brinson,Warren,Brinson,DT,Defensive Tackle,Defense,91,Active,24,"6' 5""",315,2,4429136
GB,Green Bay Packers,Karl Brooks,Karl,Brooks,DT,Defensive Tackle,Defense,94,Active,26,"6' 3""",296,4,4373423
GB,Green Bay Packers,Anthony Campbell,Anthony,Campbell,DT,Defensive Tackle,Defense,60,Active,25,"6' 6""",307,1,4887255
GB,Green Bay Packers,Jonathan Ford,Jonathan,Ford,DT,Defensive Tackle,Defense,64,Active,27,"6' 5""",338,4,4259762
GB,Green Bay Packers,Javon Hargrave,Javon,Hargrave,DT,Defensive Tackle,Defense,98,Active,33,"6' 2""",307,11,2983055
GB,Green Bay Packers,Chris McClellan,Chris,McClellan,DT,Defensive Tackle,Defense,55,Active,22,"6' 4""",313,0,4820574
GB,Green Bay Packers,Jordon Riley,Jordon,Riley,DT,Defensive Tackle,Defense,97,Day-To-Day,28,"6' 5""",338,3,4240677
GB,Green Bay Packers,Devonte Wyatt,Devonte,Wyatt,DT,Defensive Tackle,Defense,95,Active,28,"6' 3""",304,5,4361791
GB,Green Bay Packers,Edgerrin Cooper,Edgerrin,Cooper,LB,Linebacker,Defense,56,Active,24,"6' 2""",229,3,4430438
GB,Green Bay Packers,Zaire Franklin,Zaire,Franklin,LB,Linebacker,Defense,44,Active,30,"6' 0""",235,9,3124005
GB,Green Bay Packers,Ty'Ron Hopper,Ty'Ron,Hopper,LB,Linebacker,Defense,59,Active,25,"6' 2""",228,3,4567406
GB,Green Bay Packers,Isaiah McDuffie,Isaiah,McDuffie,LB,Linebacker,Defense,58,Active,27,"6' 1""",227,6,4239947
GB,Green Bay Packers,Nick Niemann,Nick,Niemann,LB,Linebacker,Defense,31,Active,28,"6' 3""",234,6,4036141
GB,Green Bay Packers,Kristian Welch,Kristian,Welch,LB,Linebacker,Defense,54,Practice Squad,28,"6' 3""",240,7,4036153
GB,Green Bay Packers,Johnathan Baldwin II,Johnathan,Baldwin II,S,Safety,Defense,37,Day-To-Day,23,"6' 0""",190,1,4709980
GB,Green Bay Packers,Javon Bullard,Javon,Bullard,S,Safety,Defense,7,Active,24,"5' 10""",198,3,4688930
GB,Green Bay Packers,Trey Dean III,Trey,Dean III,S,Safety,Defense,35,Day-To-Day,26,"6' 2""",201,1,4360235
GB,Green Bay Packers,Murvin Kenion III,Murvin,Kenion III,S,Safety,Defense,39,Practice Squad,25,"5' 11""",200,0,5083167
GB,Green Bay Packers,Xavier McKinney,Xavier,McKinney,S,Safety,Defense,29,Active,27,"6' 0""",201,7,4241470
GB,Green Bay Packers,Kitan Oladapo,Kitan,Oladapo,S,Safety,Defense,27,Active,25,"6' 2""",216,3,4374037
GB,Green Bay Packers,Evan Williams,Evan,Williams,S,Safety,Defense,33,Active,25,"5' 11""",200,3,4428863
GB,Green Bay Packers,Scott Daly,Scott,Daly,LS,Long Snapper,Special Teams,46,Practice Squad,32,"6' 2""",245,6,2980138
GB,Green Bay Packers,Matt Orzech,Matt,Orzech,LS,Long Snapper,Special Teams,42,Active,31,"6' 3""",245,7,4422336
GB,Green Bay Packers,Daniel Whelan,Daniel,Whelan,P,Punter,Special Teams,19,Active,27,"6' 5""",216,4,4248789
GB,Green Bay Packers,Lenny Krieg,Lenny,Krieg,PK,Place Kicker,Special Teams,38,Practice Squad,24,"6' 1""",210,1,5277116
GB,Green Bay Packers,Trey Smack,Trey,Smack,PK,Place Kicker,Special Teams,28,Active,23,"6' 1""",188,0,4869461
HOU,Houston Texans,Jake Andrews,Jake,Andrews,C,Center,Offense,60,Active,26,"6' 3""",308,4,4362732
HOU,Houston Texans,Evan Brown,Evan,Brown,G,Guard,Offense,67,Active,29,"6' 3""",320,8,3128412
HOU,Houston Texans,Ka'ena De Cambra,Ka'ena,De Cambra,G,Guard,Offense,,Practice Squad,23,"6' 3""",306,0,4875802
HOU,Houston Texans,Sam Hagen,Sam,Hagen,G,Guard,Offense,76,Day-To-Day,23,"6' 6""",320,0,4879242
HOU,Houston Texans,Ed Ingram,Ed,Ingram,G,Guard,Offense,69,Active,27,"6' 3""",307,5,4242227
HOU,Houston Texans,Febechi Nwaiwu,Febechi,Nwaiwu,G,Guard,Offense,64,Active,23,"6' 4""",319,0,4880873
HOU,Houston Texans,Keylan Rutledge,Keylan,Rutledge,G,Guard,Offense,66,Active,23,"6' 4""",330,0,4839498
HOU,Houston Texans,Wyatt Teller,Wyatt,Teller,G,Guard,Offense,75,Active,31,"6' 4""",315,9,3045474
HOU,Houston Texans,Trent Brown,Trent,Brown,OT,Offensive Tackle,Offense,77,Active,33,"6' 8""",380,12,3043109
HOU,Houston Texans,Aireontae Ersery,Aireontae,Ersery,OT,Offensive Tackle,Offense,79,Active,24,"6' 6""",330,2,4429693
HOU,Houston Texans,Blake Fisher,Blake,Fisher,OT,Offensive Tackle,Offense,57,Active,23,"6' 6""",312,3,4432699
HOU,Houston Texans,James Neal III,James,Neal III,OT,Offensive Tackle,Offense,70,Practice Squad,23,"6' 6""",325,0,5081880
HOU,Houston Texans,Max Pircher,Max,Pircher,OT,Offensive Tackle,Offense,,Practice Squad,26,"6' 7""",300,1,4844640
HOU,Houston Texans,Braden Smith,Braden,Smith,OT,Offensive Tackle,Offense,71,Day-To-Day,30,"6' 6""",312,9,3121595
HOU,Houston Texans,Nate Thomas,Nate,Thomas,OT,Offensive Tackle,Offense,71,Active,25,"6' 5""",330,3,4428656
HOU,Houston Texans,Graham Mertz,Graham,Mertz,QB,Quarterback,Offense,18,Day-To-Day,25,"6' 2""",216,2,4426335
HOU,Houston Texans,Davis Mills,Davis,Mills,QB,Quarterback,Offense,10,Active,27,"6' 4""",225,6,4242546
HOU,Houston Texans,C.J. Stroud,C.J.,Stroud,QB,Quarterback,Offense,7,Active,24,"6' 3""",218,4,4432577
HOU,Houston Texans,British Brooks,British,Brooks,RB,Running Back,Offense,44,Active,26,"5' 11""",225,3,4373273
HOU,Houston Texans,Jawhar Jordan,Jawhar,Jordan,RB,Running Back,Offense,25,Practice Squad,27,"5' 10""",185,1,4429939
HOU,Houston Texans,Woody Marks,Woody,Marks,RB,Running Back,Offense,4,Active,25,"5' 10""",208,2,4429059
HOU,Houston Texans,David Montgomery,David,Montgomery,RB,Running Back,Offense,32,Active,29,"5' 11""",230,8,4035538
HOU,Houston Texans,Noah Whittington,Noah,Whittington,RB,Running Back,Offense,26,Practice Squad,24,"5' 8""",203,0,4432631
HOU,Houston Texans,Brevin Jordan,Brevin,Jordan,TE,Tight End,Offense,9,Active,26,"6' 3""",245,6,4362504
HOU,Houston Texans,Marlin Klein,Marlin,Klein,TE,Tight End,Offense,83,Active,23,"6' 6""",250,0,4695705
HOU,Houston Texans,Zaire Mitchell-Paden,Zaire,Mitchell-Paden,TE,Tight End,Offense,,Practice Squad,27,"6' 5""",257,2,4876006
HOU,Houston Texans,Foster Moreau,Foster,Moreau,TE,Tight End,Offense,87,Active,29,"6' 4""",250,8,3843945
HOU,Houston Texans,Dalton Schultz,Dalton,Schultz,TE,Tight End,Offense,86,Active,30,"6' 5""",242,9,3117256
HOU,Houston Texans,Cade Stover,Cade,Stover,TE,Tight End,Offense,8,Active,26,"6' 4""",251,3,4426496
HOU,Houston Texans,Lewis Bond,Lewis,Bond,WR,Wide Receiver,Offense,82,Practice Squad,23,"5' 11""",190,0,4683159
HOU,Houston Texans,Kayshon Boutte,Kayshon,Boutte,WR,Wide Receiver,Offense,88,Active,24,"6' 0""",197,4,4429022
HOU,Houston Texans,Nico Collins,Nico,Collins,WR,Wide Receiver,Offense,12,Active,27,"6' 4""",222,6,4258173
HOU,Houston Texans,Tank Dell,Tank,Dell,WR,Wide Receiver,Offense,1,Day-To-Day,26,"5' 10""",165,4,4366031
HOU,Houston Texans,Jayden Higgins,Jayden,Higgins,WR,Wide Receiver,Offense,81,Day-To-Day,23,"6' 4""",215,2,4877706
HOU,Houston Texans,Xavier Hutchinson,Xavier,Hutchinson,WR,Wide Receiver,Offense,19,Active,26,"6' 3""",210,4,4686422
HOU,Houston Texans,Josh Kelly,Josh,Kelly,WR,Wide Receiver,Offense,85,Practice Squad,25,"6' 1""",192,1,4575558
HOU,Houston Texans,Jaylin Noel,Jaylin,Noel,WR,Wide Receiver,Offense,13,Active,24,"5' 11""",201,2,4586312
HOU,Houston Texans,Daniel Sobkowicz,Daniel,Sobkowicz,WR,Wide Receiver,Offense,17,Practice Squad,23,"6' 3""",205,0,4878293
HOU,Houston Texans,Mitchell Tinsley,Mitchell,Tinsley,WR,Wide Receiver,Offense,,Practice Squad,26,"6' 1""",205,3,4690070
HOU,Houston Texans,Jared Wayne,Jared,Wayne,WR,Wide Receiver,Offense,89,Active,25,"6' 3""",210,1,4430681
HOU,Houston Texans,Bryce Hall,Bryce,Hall,CB,Cornerback,Defense,34,Practice Squad,28,"6' 1""",202,6,4037584
HOU,Houston Texans,Alijah Huzzie,Alijah,Huzzie,CB,Cornerback,Defense,28,Practice Squad,25,"5' 10""",195,1,4577494
HOU,Houston Texans,Ja'Marcus Ingram,Ja'Marcus,Ingram,CB,Cornerback,Defense,20,Day-To-Day,29,"6' 2""",190,3,4240059
HOU,Houston Texans,Kamari Lassiter,Kamari,Lassiter,CB,Cornerback,Defense,3,Active,23,"6' 0""",180,3,4602699
HOU,Houston Texans,Jaylin Smith,Jaylin,Smith,CB,Cornerback,Defense,22,Active,22,"5' 11""",190,2,4594277
HOU,Houston Texans,Tremon Smith,Tremon,Smith,CB,Cornerback,Defense,11,Active,30,"5' 11""",190,9,3134448
HOU,Houston Texans,Derek Stingley Jr.,Derek,Stingley Jr.,CB,Cornerback,Defense,24,Active,25,"6' 1""",195,5,4426434
HOU,Houston Texans,Collin Wright,Collin,Wright,CB,Cornerback,Defense,37,Active,22,"6' 0""",195,0,4833376
HOU,Houston Texans,Will Anderson Jr.,Will,Anderson Jr.,DE,Defensive End,Defense,51,Active,25,"6' 4""",243,4,4685724
HOU,Houston Texans,Solomon Byrd,Solomon,Byrd,DE,Defensive End,Defense,50,Day-To-Day,26,"6' 3""",250,1,4361689
HOU,Houston Texans,Jadeveon Clowney,Jadeveon,Clowney,DE,Defensive End,Defense,90,Active,33,"6' 5""",266,13,16734
HOU,Houston Texans,Ali Gaye,Ali,Gaye,DE,Defensive End,Defense,95,Day-To-Day,27,"6' 6""",265,3,4243321
HOU,Houston Texans,Logan Hall,Logan,Hall,DE,Defensive End,Defense,96,Active,26,"6' 6""",283,5,4360189
HOU,Houston Texans,Sabastian Harsh,Sabastian,Harsh,DE,Defensive End,Defense,74,Active,24,"6' 2""",255,0,4699802
HOU,Houston Texans,Dylan Horton,Dylan,Horton,DE,Defensive End,Defense,92,Day-To-Day,26,"6' 4""",275,4,4374066
HOU,Houston Texans,Danielle Hunter,Danielle,Hunter,DE,Defensive End,Defense,55,Active,31,"6' 5""",263,12,2976560
HOU,Houston Texans,Dominique Robinson,Dominique,Robinson,DE,Defensive End,Defense,97,Active,28,"6' 5""",275,5,4244300
HOU,Houston Texans,Dominic Bailey,Dominic,Bailey,DT,Defensive Tackle,Defense,96,Practice Squad,24,"6' 3""",292,0,4686304
HOU,Houston Texans,Mario Edwards Jr.,Mario,Edwards Jr.,DT,Defensive Tackle,Defense,97,Active,32,"6' 3""",280,11,2969921
HOU,Houston Texans,Kyonte Hamilton,Kyonte,Hamilton,DT,Defensive Tackle,Defense,58,Day-To-Day,23,"6' 4""",304,2,4677281
HOU,Houston Texans,Kayden McDonald,Kayden,McDonald,DT,Defensive Tackle,Defense,93,Active,21,"6' 3""",326,0,4870893
HOU,Houston Texans,Sheldon Rankins,Sheldon,Rankins,DT,Defensive Tackle,Defense,98,Active,32,"6' 2""",305,11,2970204
HOU,Houston Texans,Junior Tafuna,Junior,Tafuna,DT,Defensive Tackle,Defense,,Practice Squad,25,"6' 3""",305,1,4695607
HOU,Houston Texans,Tommy Togiai,Tommy,Togiai,DT,Defensive Tackle,Defense,72,Active,26,"6' 2""",296,5,4361366
HOU,Houston Texans,Azeez Al-Shaair,Azeez,Al-Shaair,LB,Linebacker,Defense,0,Active,29,"6' 2""",228,8,3919117
HOU,Houston Texans,Chris Braswell,Chris,Braswell,LB,Linebacker,Defense,,Practice Squad,24,"6' 3""",255,3,4428989
HOU,Houston Texans,Aiden Fisher,Aiden,Fisher,LB,Linebacker,Defense,59,Active,22,"6' 1""",231,0,4912338
HOU,Houston Texans,Jake Hansen,Jake,Hansen,LB,Linebacker,Defense,35,Active,28,"6' 1""",230,5,4033812
HOU,Houston Texans,Jamal Hill,Jamal,Hill,LB,Linebacker,Defense,56,Practice Squad,25,"6' 0""",227,3,4427479
HOU,Houston Texans,Jake Hummel,Jake,Hummel,LB,Linebacker,Defense,33,Active,27,"6' 1""",229,5,4241250
HOU,Houston Texans,K.C. Ossai,K.C.,Ossai,LB,Linebacker,Defense,52,Day-To-Day,23,"6' 1""",240,1,4687188
HOU,Houston Texans,E.J. Speed,E.J.,Speed,LB,Linebacker,Defense,45,Day-To-Day,31,"6' 4""",227,8,3071353
HOU,Houston Texans,Henry To'oTo'o,Henry,To'oTo'o,LB,Linebacker,Defense,39,Active,25,"6' 2""",228,4,4426350
HOU,Houston Texans,Wade Woodaz,Wade,Woodaz,LB,Linebacker,Defense,30,Active,22,"6' 3""",235,0,4837286
HOU,Houston Texans,Reed Blankenship,Reed,Blankenship,S,Safety,Defense,6,Active,27,"6' 1""",203,5,4243956
HOU,Houston Texans,Calen Bullock,Calen,Bullock,S,Safety,Defense,2,Active,23,"6' 3""",190,3,4431517
HOU,Houston Texans,George Odum,George,Odum,S,Safety,Defense,36,Practice Squad,32,"6' 1""",200,9,3050199
HOU,Houston Texans,Jalen Pitre,Jalen,Pitre,S,Safety,Defense,5,Active,27,"6' 0""",200,5,4241223
HOU,Houston Texans,Kamari Ramsey,Kamari,Ramsey,S,Safety,Defense,27,Active,22,"6' 0""",205,0,4685518
HOU,Houston Texans,M.J. Stewart,M.J.,Stewart,S,Safety,Defense,29,Day-To-Day,30,"5' 11""",205,9,3116679
HOU,Houston Texans,Austin Brinkman,Austin,Brinkman,LS,Long Snapper,Special Teams,40,Active,24,"6' 4""",241,2,4690999
HOU,Houston Texans,Kai Kroeger,Kai,Kroeger,P,Punter,Special Teams,38,Active,24,"6' 3""",213,2,4570033
HOU,Houston Texans,Ka'imi Fairbairn,Ka'imi,Fairbairn,PK,Place Kicker,Special Teams,15,Active,32,"6' 0""",183,11,2971573
IND,Indianapolis Colts,Tanor Bortolini,Tanor,Bortolini,C,Center,Offense,60,Active,24,"6' 4""",303,3,4430957
IND,Indianapolis Colts,Sedrick Van Pran-Granger,Sedrick,Van Pran-Granger,C,Center,Offense,,Active,24,"6' 4""",315,3,4430815
IND,Indianapolis Colts,Jalen Farmer,Jalen,Farmer,G,Guard,Offense,62,Active,22,"6' 4""",312,0,4838270
IND,Indianapolis Colts,Matt Goncalves,Matt,Goncalves,G,Guard,Offense,71,Active,25,"6' 6""",317,3,4427298
IND,Indianapolis Colts,Quenton Nelson,Quenton,Nelson,G,Guard,Offense,56,Active,30,"6' 5""",330,9,3129308
IND,Indianapolis Colts,Josh Sills,Josh,Sills,G,Guard,Offense,66,Practice Squad,27,"6' 6""",325,3,4039243
IND,Indianapolis Colts,Dalton Tucker,Dalton,Tucker,G,Guard,Offense,68,Active,26,"6' 6""",307,3,4370363
IND,Indianapolis Colts,Reid Holskey,Reid,Holskey,OT,Offensive Tackle,Offense,,Practice Squad,24,"6' 6""",306,1,4429951
IND,Indianapolis Colts,Roy Mbaeteka,Roy,Mbaeteka,OT,Offensive Tackle,Offense,78,Practice Squad,26,"6' 8""",330,1,5024661
IND,Indianapolis Colts,Bernhard Raimann,Bernhard,Raimann,OT,Offensive Tackle,Offense,79,Active,28,"6' 6""",303,5,4362580
IND,Indianapolis Colts,Nolan Rucci,Nolan,Rucci,OT,Offensive Tackle,Offense,76,Practice Squad,24,"6' 8""",314,0,4431587
IND,Indianapolis Colts,Luke Tenuta,Luke,Tenuta,OT,Offensive Tackle,Offense,67,Practice Squad,27,"6' 8""",314,4,4361979
IND,Indianapolis Colts,Jalen Travis,Jalen,Travis,OT,Offensive Tackle,Offense,75,Active,24,"6' 8""",339,2,4892240
IND,Indianapolis Colts,Daniel Jones,Daniel,Jones,QB,Quarterback,Offense,17,Active,29,"6' 5""",230,8,3917792
IND,Indianapolis Colts,Riley Leonard,Riley,Leonard,QB,Quarterback,Offense,15,Active,23,"6' 4""",213,2,4683423
IND,Indianapolis Colts,Anthony Richardson Sr.,Anthony,Richardson Sr.,QB,Quarterback,Offense,5,Active,24,"6' 4""",244,4,4429084
IND,Indianapolis Colts,Ulysses Bentley IV,Ulysses,Bentley IV,RB,Running Back,Offense,37,Practice Squad,25,"5' 10""",200,1,4426689
IND,Indianapolis Colts,Davon Booth,Davon,Booth,RB,Running Back,Offense,,Practice Squad,24,"5' 10""",192,0,5153650
IND,Indianapolis Colts,Anderson Castle,Anderson,Castle,RB,Running Back,Offense,42,Practice Squad,24,"5' 11""",221,0,4612558
IND,Indianapolis Colts,DJ Giddens,DJ,Giddens,RB,Running Back,Offense,21,Active,23,"6' 0""",212,2,4874509
IND,Indianapolis Colts,Seth McGowan,Seth,McGowan,RB,Running Back,Offense,20,Active,24,"6' 0""",223,0,4686468
IND,Indianapolis Colts,Jonathan Taylor,Jonathan,Taylor,RB,Running Back,Offense,28,Active,27,"5' 10""",226,7,4242335
IND,Indianapolis Colts,Mo Alie-Cox,Mo,Alie-Cox,TE,Tight End,Offense,81,Active,32,"6' 5""",267,9,2998565
IND,Indianapolis Colts,Pharaoh Brown,Pharaoh,Brown,TE,Tight End,Offense,49,Practice Squad,32,"6' 5""",246,9,2971281
IND,Indianapolis Colts,Will Mallory,Will,Mallory,TE,Tight End,Offense,86,Day-To-Day,27,"6' 4""",239,4,4362523
IND,Indianapolis Colts,Sean McKeon,Sean,McKeon,TE,Tight End,Offense,49,Day-To-Day,28,"6' 5""",255,5,4036275
IND,Indianapolis Colts,Drew Ogletree,Drew,Ogletree,TE,Tight End,Offense,85,Active,28,"6' 5""",260,5,4722908
IND,Indianapolis Colts,Carson Towt,Carson,Towt,TE,Tight End,Offense,45,Day-To-Day,25,"6' 8""",250,0,4702120
IND,Indianapolis Colts,Tyler Warren,Tyler,Warren,TE,Tight End,Offense,84,Active,24,"6' 6""",256,2,4431459
IND,Indianapolis Colts,Keenan Allen,Keenan,Allen,WR,Wide Receiver,Offense,10,Active,34,"6' 2""",211,13,15818
IND,Indianapolis Colts,Deion Burks,Deion,Burks,WR,Wide Receiver,Offense,80,Active,23,"5' 9""",180,0,4683151
IND,Indianapolis Colts,Josh Downs,Josh,Downs,WR,Wide Receiver,Offense,2,Active,25,"5' 9""",171,4,4688813
IND,Indianapolis Colts,Ashton Dulin,Ashton,Dulin,WR,Wide Receiver,Offense,16,Active,29,"6' 2""",215,8,4061956
IND,Indianapolis Colts,Anthony Gould,Anthony,Gould,WR,Wide Receiver,Offense,6,Practice Squad,25,"5' 8""",174,3,4429684
IND,Indianapolis Colts,D.J. Montgomery,D.J.,Montgomery,WR,Wide Receiver,Offense,2,Day-To-Day,29,"6' 1""",201,5,4249030
IND,Indianapolis Colts,Coleman Owen,Coleman,Owen,WR,Wide Receiver,Offense,9,Day-To-Day,25,"5' 10""",181,1,4578436
IND,Indianapolis Colts,Alec Pierce,Alec,Pierce,WR,Wide Receiver,Offense,14,Active,26,"6' 3""",211,5,4360078
IND,Indianapolis Colts,Laquon Treadwell,Laquon,Treadwell,WR,Wide Receiver,Offense,13,Active,31,"6' 2""",215,10,3051889
IND,Indianapolis Colts,Nick Westbrook-Ikhine,Nick,Westbrook-Ikhine,WR,Wide Receiver,Offense,12,Practice Squad,29,"6' 2""",211,7,3929785
IND,Indianapolis Colts,Rob Carter Jr.,Rob,Carter Jr.,CB,Cornerback,Defense,39,Practice Squad,23,"5' 10""",175,1,4885625
IND,Indianapolis Colts,Johnathan Edwards,Johnathan,Edwards,CB,Cornerback,Defense,35,Active,24,"6' 1""",201,2,4695991
IND,Indianapolis Colts,Sauce Gardner,Sauce,Gardner,CB,Cornerback,Defense,1,Active,25,"6' 3""",190,5,4427250
IND,Indianapolis Colts,Kapena Gushiken,Kapena,Gushiken,CB,Cornerback,Defense,,Active,24,"5' 9""",189,0,5153072
IND,Indianapolis Colts,Kenneth Harris,Kenneth,Harris,CB,Cornerback,Defense,29,Practice Squad,24,"6' 0""",192,0,4685970
IND,Indianapolis Colts,Jaylon Jones,Jaylon,Jones,CB,Cornerback,Defense,40,Active,24,"6' 2""",203,4,4685145
IND,Indianapolis Colts,Cameron Mitchell,Cameron,Mitchell,CB,Cornerback,Defense,43,Day-To-Day,24,"5' 11""",191,4,4569607
IND,Indianapolis Colts,Cam Taylor-Britt,Cam,Taylor-Britt,CB,Cornerback,Defense,26,News,26,"5' 11""",200,5,4361196
IND,Indianapolis Colts,Justin Walley,Justin,Walley,CB,Cornerback,Defense,27,Active,23,"5' 10""",190,2,4682909
IND,Indianapolis Colts,Charvarius Ward,Charvarius,Ward,CB,Cornerback,Defense,7,Active,30,"6' 1""",196,9,4037361
IND,Indianapolis Colts,Micheal Clemons,Micheal,Clemons,DE,Defensive End,Defense,72,Active,29,"6' 5""",263,5,4240896
IND,Indianapolis Colts,Arden Key,Arden,Key,DE,Defensive End,Defense,98,Active,30,"6' 5""",240,9,3843843
IND,Indianapolis Colts,Laiatu Latu,Laiatu,Latu,DE,Defensive End,Defense,97,Active,25,"6' 5""",265,3,4426473
IND,Indianapolis Colts,Mitchell Melton,Mitchell,Melton,DE,Defensive End,Defense,54,Practice Squad,24,"6' 3""",253,0,4693205
IND,Indianapolis Colts,Jaylahn Tuimoloau,Jaylahn,Tuimoloau,DE,Defensive End,Defense,91,Active,23,"6' 4""",264,2,4566154
IND,Indianapolis Colts,Adetomiwa Adebawore,Adetomiwa,Adebawore,DT,Defensive Tackle,Defense,95,Active,25,"6' 2""",282,4,4427635
IND,Indianapolis Colts,Cameron Ball,Cameron,Ball,DT,Defensive Tackle,Defense,64,Practice Squad,23,"6' 3""",310,0,4691878
IND,Indianapolis Colts,DeForest Buckner,DeForest,Buckner,DT,Defensive Tackle,Defense,99,Active,32,"6' 7""",295,11,2971282
IND,Indianapolis Colts,Tim Smith,Tim,Smith,DT,Defensive Tackle,Defense,93,Active,24,"6' 4""",306,1,4692033
IND,Indianapolis Colts,Grover Stewart,Grover,Stewart,DT,Defensive Tackle,Defense,90,Active,32,"6' 4""",314,10,4058825
IND,Indianapolis Colts,Jerry Tillery,Jerry,Tillery,DT,Defensive Tackle,Defense,94,Active,29,"6' 6""",295,8,3863182
IND,Indianapolis Colts,Austin Ajiake,Austin,Ajiake,LB,Linebacker,Defense,58,Active,26,"6' 1""",223,2,4374171
IND,Indianapolis Colts,CJ Allen,CJ,Allen,LB,Linebacker,Defense,53,Active,21,"6' 0""",230,0,4870598
IND,Indianapolis Colts,Bryce Boettcher,Bryce,Boettcher,LB,Linebacker,Defense,50,Active,24,"6' 1""",230,0,5088571
IND,Indianapolis Colts,Jaylon Carlies,Jaylon,Carlies,LB,Linebacker,Defense,57,Active,24,"6' 3""",227,3,4601021
IND,Indianapolis Colts,Tahj Chambers,Tahj,Chambers,LB,Linebacker,Defense,44,Active,26,"6' 2""",230,0,4692638
IND,Indianapolis Colts,Caden Curry,Caden,Curry,LB,Linebacker,Defense,55,Active,23,"6' 2""",257,0,4685324
IND,Indianapolis Colts,Akeem Davis-Gaither,Akeem,Davis-Gaither,LB,Linebacker,Defense,51,Active,28,"6' 2""",238,7,3917142
IND,Indianapolis Colts,George Gumbs Jr.,George,Gumbs Jr.,LB,Linebacker,Defense,52,Active,23,"6' 4""",245,0,4708238
IND,Indianapolis Colts,West Weeks,West,Weeks,LB,Linebacker,Defense,47,Practice Squad,24,"6' 2""",230,0,4587724
IND,Indianapolis Colts,Cam Bynum,Cam,Bynum,S,Safety,Defense,0,Active,28,"6' 0""",200,6,4035861
IND,Indianapolis Colts,A.J. Haulcy,A.J.,Haulcy,S,Safety,Defense,25,Active,22,"5' 11""",215,0,4905664
IND,Indianapolis Colts,Jonathan Owens,Jonathan,Owens,S,Safety,Defense,38,Active,31,"5' 11""",204,8,4331768
IND,Indianapolis Colts,Daniel Scott,Daniel,Scott,S,Safety,Defense,32,Practice Squad,27,"6' 1""",208,4,4242415
IND,Indianapolis Colts,Trey Washington,Trey,Washington,S,Safety,Defense,41,Practice Squad,23,"5' 10""",205,1,4599160
IND,Indianapolis Colts,Hunter Wohler,Hunter,Wohler,S,Safety,Defense,30,Active,23,"6' 2""",213,2,4432789
IND,Indianapolis Colts,Luke Rhodes,Luke,Rhodes,LS,Long Snapper,Special Teams,46,Active,33,"6' 2""",238,10,2566045
IND,Indianapolis Colts,Rigoberto Sanchez,Rigoberto,Sanchez,P,Punter,Special Teams,8,Active,31,"6' 0""",195,10,3914922
IND,Indianapolis Colts,Spencer Shrader,Spencer,Shrader,PK,Place Kicker,Special Teams,3,Active,27,"6' 2""",201,3,4571557
JAX,Jacksonville Jaguars,Eli Cox,Eli,Cox,C,Center,Offense,,Practice Squad,25,"6' 4""",309,1,4426981
JAX,Jacksonville Jaguars,Robert Hainsey,Robert,Hainsey,C,Center,Offense,73,Active,28,"6' 4""",306,6,4242391
JAX,Jacksonville Jaguars,Jonah Monheim,Jonah,Monheim,C,Center,Offense,60,Active,24,"6' 5""",310,2,4430481
JAX,Jacksonville Jaguars,Sam Mustipher,Sam,Mustipher,C,Center,Offense,69,Day-To-Day,30,"6' 3""",306,6,3129307
JAX,Jacksonville Jaguars,Ezra Cleveland,Ezra,Cleveland,G,Guard,Offense,76,Active,28,"6' 6""",312,7,4048231
JAX,Jacksonville Jaguars,Daniel Faalele,Daniel,Faalele,G,Guard,Offense,68,Active,26,"6' 8""",380,5,4360964
JAX,Jacksonville Jaguars,Patrick Mekari,Patrick,Mekari,G,Guard,Offense,65,Day-To-Day,29,"6' 4""",305,8,3863820
JAX,Jacksonville Jaguars,Wyatt Milum,Wyatt,Milum,G,Guard,Offense,64,Active,24,"6' 6""",317,2,4431463
JAX,Jacksonville Jaguars,Emmanuel Pregnon,Emmanuel,Pregnon,G,Guard,Offense,75,Active,24,"6' 4""",314,0,4608929
JAX,Jacksonville Jaguars,Geron Christian,Geron,Christian,OT,Offensive Tackle,Offense,61,Practice Squad,29,"6' 6""",315,9,3916414
JAX,Jacksonville Jaguars,Garrett DiGiorgio,Garrett,DiGiorgio,OT,Offensive Tackle,Offense,74,Day-To-Day,23,"6' 7""",320,0,4684542
JAX,Jacksonville Jaguars,Anton Harrison,Anton,Harrison,OT,Offensive Tackle,Offense,77,Active,24,"6' 4""",315,4,4692525
JAX,Jacksonville Jaguars,Walker Little,Walker,Little,OT,Offensive Tackle,Offense,72,Active,27,"6' 7""",325,6,4242554
JAX,Jacksonville Jaguars,Jimto Obidegwu,Jimto,Obidegwu,OT,Offensive Tackle,Offense,62,Practice Squad,23,"6' 5""",335,0,4684970
JAX,Jacksonville Jaguars,Cole Van Lanen,Cole,Van Lanen,OT,Offensive Tackle,Offense,70,Active,28,"6' 5""",312,6,4035791
JAX,Jacksonville Jaguars,Kilian Zierer,Kilian,Zierer,OT,Offensive Tackle,Offense,78,Practice Squad,26,"6' 7""",312,2,4689088
JAX,Jacksonville Jaguars,Joey Aguilar,Joey,Aguilar,QB,Quarterback,Offense,17,Practice Squad,25,"6' 3""",225,0,5151948
JAX,Jacksonville Jaguars,Carter Bradley,Carter,Bradley,QB,Quarterback,Offense,10,Day-To-Day,26,"6' 3""",221,1,4362260
JAX,Jacksonville Jaguars,Quinn Ewers,Quinn,Ewers,QB,Quarterback,Offense,10,Active,23,"6' 2""",209,2,4889929
JAX,Jacksonville Jaguars,Trevor Lawrence,Trevor,Lawrence,QB,Quarterback,Offense,16,Active,26,"6' 6""",220,6,4360310
JAX,Jacksonville Jaguars,Nick Mullens,Nick,Mullens,QB,Quarterback,Offense,14,Practice Squad,31,"6' 0""",210,8,3059989
JAX,Jacksonville Jaguars,Ameer Abdullah,Ameer,Abdullah,RB,Running Back,Offense,43,Active,33,"5' 8""",203,12,2576336
JAX,Jacksonville Jaguars,LeQuint Allen Jr.,LeQuint,Allen Jr.,RB,Running Back,Offense,5,Active,22,"6' 0""",201,2,4911851
JAX,Jacksonville Jaguars,Chris Rodriguez Jr.,Chris,Rodriguez Jr.,RB,Running Back,Offense,24,Active,26,"5' 11""",224,4,4362619
JAX,Jacksonville Jaguars,J'Mari Taylor,J'Mari,Taylor,RB,Running Back,Offense,30,Practice Squad,24,"5' 9""",199,0,4713118
JAX,Jacksonville Jaguars,Bhayshul Tuten,Bhayshul,Tuten,RB,Running Back,Offense,33,Active,23,"5' 9""",209,2,4882093
JAX,Jacksonville Jaguars,Nate Boerkircher,Nate,Boerkircher,TE,Tight End,Offense,87,Active,25,"6' 5""",245,0,4686248
JAX,Jacksonville Jaguars,Tanner Koziol,Tanner,Koziol,TE,Tight End,Offense,89,Active,22,"6' 7""",250,0,4917427
JAX,Jacksonville Jaguars,Quintin Morris,Quintin,Morris,TE,Tight End,Offense,80,Active,27,"6' 2""",243,5,4244049
JAX,Jacksonville Jaguars,Hayden Rucci,Hayden,Rucci,TE,Tight End,Offense,,Practice Squad,25,"6' 5""",247,1,4428396
JAX,Jacksonville Jaguars,Brenton Strange,Brenton,Strange,TE,Tight End,Offense,85,Active,25,"6' 4""",253,4,4430539
JAX,Jacksonville Jaguars,Josh Cameron,Josh,Cameron,WR,Wide Receiver,Offense,19,Active,23,"6' 1""",224,0,4879194
JAX,Jacksonville Jaguars,Travis Hunter,Travis,Hunter,WR,Wide Receiver,Offense,12,Active,23,"6' 1""",185,2,4685415
JAX,Jacksonville Jaguars,Tim Jones,Tim,Jones,WR,Wide Receiver,Offense,13,Practice Squad,28,"6' 1""",200,4,4245131
JAX,Jacksonville Jaguars,Jakobi Meyers,Jakobi,Meyers,WR,Wide Receiver,Offense,3,Active,29,"6' 2""",200,8,3916433
JAX,Jacksonville Jaguars,Trebor Pena,Trebor,Pena,WR,Wide Receiver,Offense,86,Practice Squad,24,"5' 10""",187,0,4575862
JAX,Jacksonville Jaguars,Brian Thomas Jr.,Brian,Thomas Jr.,WR,Wide Receiver,Offense,7,Active,23,"6' 2""",209,3,4432773
JAX,Jacksonville Jaguars,Austin Trammell,Austin,Trammell,WR,Wide Receiver,Offense,81,Practice Squad,28,"5' 10""",185,4,4244856
JAX,Jacksonville Jaguars,Parker Washington,Parker,Washington,WR,Wide Receiver,Offense,11,Active,24,"5' 10""",204,4,4432620
JAX,Jacksonville Jaguars,CJ Williams,CJ,Williams,WR,Wide Receiver,Offense,18,Active,23,"6' 1""",205,0,5085024
JAX,Jacksonville Jaguars,Michael Wortham,Michael,Wortham,WR,Wide Receiver,Offense,0,Practice Squad,24,"5' 9""",190,0,5152117
JAX,Jacksonville Jaguars,Christian Braswell,Christian,Braswell,CB,Cornerback,Defense,21,Active,26,"5' 11""",185,3,4257580
JAX,Jacksonville Jaguars,Montaric Brown,Montaric,Brown,CB,Cornerback,Defense,1,Active,27,"6' 0""",190,5,4242149
JAX,Jacksonville Jaguars,Jarrian Jones,Jarrian,Jones,CB,Cornerback,Defense,4,Active,25,"5' 11""",190,3,4426448
JAX,Jacksonville Jaguars,Jourdan Lewis,Jourdan,Lewis,CB,Cornerback,Defense,2,Active,31,"5' 10""",190,10,3045207
JAX,Jacksonville Jaguars,Devon Marshall,Devon,Marshall,CB,Cornerback,Defense,40,Day-To-Day,22,"5' 11""",200,0,5083287
JAX,Jacksonville Jaguars,Jabbar Muhammad,Jabbar,Muhammad,CB,Cornerback,Defense,37,Practice Squad,24,"5' 10""",185,1,4432440
JAX,Jacksonville Jaguars,Matt Dickerson,Matt,Dickerson,DE,Defensive End,Defense,93,Active,30,"6' 5""",300,6,3134316
JAX,Jacksonville Jaguars,Zach Durfee,Zach,Durfee,DE,Defensive End,Defense,58,Day-To-Day,24,"6' 5""",258,0,5121433
JAX,Jacksonville Jaguars,B.J. Green II,B.J.,Green II,DE,Defensive End,Defense,95,Active,23,"6' 1""",270,2,4875266
JAX,Jacksonville Jaguars,Josh Hines-Allen,Josh,Hines-Allen,DE,Defensive End,Defense,41,Active,29,"6' 5""",255,8,3915239
JAX,Jacksonville Jaguars,Danny Striggow,Danny,Striggow,DE,Defensive End,Defense,92,Active,24,"6' 5""",255,2,4573319
JAX,Jacksonville Jaguars,Bryan Thomas Jr.,Bryan,Thomas Jr.,DE,Defensive End,Defense,57,Active,22,"6' 2""",250,0,4836472
JAX,Jacksonville Jaguars,Travon Walker,Travon,Walker,DE,Defensive End,Defense,44,Active,25,"6' 5""",272,5,4426349
JAX,Jacksonville Jaguars,Wesley Williams,Wesley,Williams,DE,Defensive End,Defense,90,Active,21,"6' 3""",256,0,4832922
JAX,Jacksonville Jaguars,Arik Armstead,Arik,Armstead,DT,Defensive Tackle,Defense,91,Active,32,"6' 7""",290,12,2971275
JAX,Jacksonville Jaguars,T.J. Bollers,T.J.,Bollers,DT,Defensive Tackle,Defense,94,Practice Squad,23,"6' 2""",305,0,4431162
JAX,Jacksonville Jaguars,DaVon Hamilton,DaVon,Hamilton,DT,Defensive Tackle,Defense,52,Active,29,"6' 4""",335,7,3915520
JAX,Jacksonville Jaguars,Ruke Orhorhoro,Ruke,Orhorhoro,DT,Defensive Tackle,Defense,99,Active,24,"6' 4""",294,3,4430271
JAX,Jacksonville Jaguars,Albert Regis,Albert,Regis,DT,Defensive Tackle,Defense,98,Active,23,"6' 1""",295,0,4612298
JAX,Jacksonville Jaguars,Jared Bartlett,Jared,Bartlett,LB,Linebacker,Defense,45,Day-To-Day,25,"6' 2""",237,1,4426646
JAX,Jacksonville Jaguars,Branson Combs,Branson,Combs,LB,Linebacker,Defense,50,Active,26,"6' 3""",228,2,4572704
JAX,Jacksonville Jaguars,Dennis Gardeck,Dennis,Gardeck,LB,Linebacker,Defense,47,Active,32,"6' 0""",232,9,4334300
JAX,Jacksonville Jaguars,Parker Hughes,Parker,Hughes,LB,Linebacker,Defense,53,Day-To-Day,23,"6' 1""",228,0,4880861
JAX,Jacksonville Jaguars,Jack Kiser,Jack,Kiser,LB,Linebacker,Defense,54,Practice Squad,25,"6' 2""",231,2,4427716
JAX,Jacksonville Jaguars,Jalen McLeod,Jalen,McLeod,LB,Linebacker,Defense,35,Practice Squad,24,"6' 1""",236,2,4576129
JAX,Jacksonville Jaguars,Ventrell Miller,Ventrell,Miller,LB,Linebacker,Defense,51,Active,27,"6' 0""",232,4,4240610
JAX,Jacksonville Jaguars,Foyesade Oluokun,Foyesade,Oluokun,LB,Linebacker,Defense,23,Active,31,"6' 2""",230,9,3050073
JAX,Jacksonville Jaguars,Jahlani Tavai,Jahlani,Tavai,LB,Linebacker,Defense,32,Active,29,"6' 2""",255,9,3124587
JAX,Jacksonville Jaguars,Jalen Huskey,Jalen,Huskey,S,Safety,Defense,22,Active,23,"6' 1""",196,0,4912185
JAX,Jacksonville Jaguars,Antonio Johnson,Antonio,Johnson,S,Safety,Defense,6,Active,24,"6' 2""",198,4,4429168
JAX,Jacksonville Jaguars,Rayuan Lane III,Rayuan,Lane III,S,Safety,Defense,25,Active,23,"5' 11""",197,2,4880675
JAX,Jacksonville Jaguars,Kaevon Merriweather,Kaevon,Merriweather,S,Safety,Defense,,Practice Squad,26,"6' 0""",212,4,4360502
JAX,Jacksonville Jaguars,Eric Murray,Eric,Murray,S,Safety,Defense,29,Active,32,"5' 11""",199,11,2970716
JAX,Jacksonville Jaguars,Caleb Ransaw,Caleb,Ransaw,S,Safety,Defense,27,Active,23,"6' 0""",196,2,4683347
JAX,Jacksonville Jaguars,Cam'Ron Silmon-Craig,Cam'Ron,Silmon-Craig,S,Safety,Defense,42,Practice Squad,23,"5' 10""",185,1,4877475
JAX,Jacksonville Jaguars,Ross Matiscik,Ross,Matiscik,LS,Long Snapper,Special Teams,46,Active,29,"6' 0""",240,7,3928931
JAX,Jacksonville Jaguars,Logan Cooke,Logan,Cooke,P,Punter,Special Teams,9,Active,31,"6' 5""",230,9,3115480
JAX,Jacksonville Jaguars,Cam Little,Cam,Little,PK,Place Kicker,Special Teams,39,Active,23,"6' 1""",172,3,4686361
KC,Kansas City Chiefs,Creed Humphrey,Creed,Humphrey,C,Center,Offense,52,Active,27,"6' 4""",302,6,4241385
KC,Kansas City Chiefs,Hunter Nourzad,Hunter,Nourzad,C,Center,Offense,64,Active,25,"6' 3""",317,3,4367645
KC,Kansas City Chiefs,Ben VanSumeren,Ben,VanSumeren,FB,Fullback,Offense,,Practice Squad,26,"6' 2""",250,4,4372070
KC,Kansas City Chiefs,Mike Caliendo,Mike,Caliendo,G,Guard,Offense,66,Active,28,"6' 4""",301,4,4043039
KC,Kansas City Chiefs,Joshua Ezeudu,Joshua,Ezeudu,G,Guard,Offense,73,Active,26,"6' 4""",308,5,4373280
KC,Kansas City Chiefs,Trey Smith,Trey,Smith,G,Guard,Offense,65,Active,27,"6' 6""",321,6,4242459
KC,Kansas City Chiefs,Kahlil Benson,Kahlil,Benson,OT,Offensive Tackle,Offense,70,Active,24,"6' 6""",319,0,4566190
KC,Kansas City Chiefs,Ethan Driskell,Ethan,Driskell,OT,Offensive Tackle,Offense,75,Practice Squad,26,"6' 8""",313,2,4571627
KC,Kansas City Chiefs,Jaylon Moore,Jaylon,Moore,OT,Offensive Tackle,Offense,77,Active,28,"6' 4""",311,6,4043041
KC,Kansas City Chiefs,Pete Nygra,Pete,Nygra,OT,Offensive Tackle,Offense,50,Practice Squad,24,"6' 4""",300,0,4682626
KC,Kansas City Chiefs,Diego Pounds,Diego,Pounds,OT,Offensive Tackle,Offense,61,Active,23,"6' 6""",330,0,4602984
KC,Kansas City Chiefs,Josh Simmons,Josh,Simmons,OT,Offensive Tackle,Offense,71,Active,23,"6' 5""",310,2,4569659
KC,Kansas City Chiefs,Kingsley Suamataia,Kingsley,Suamataia,OT,Offensive Tackle,Offense,76,Active,23,"6' 4""",326,3,4431595
KC,Kansas City Chiefs,Matt Waletzko,Matt,Waletzko,OT,Offensive Tackle,Offense,73,Day-To-Day,26,"6' 8""",305,4,4370876
KC,Kansas City Chiefs,Justin Fields,Justin,Fields,QB,Quarterback,Offense,6,Active,27,"6' 3""",227,6,4362887
KC,Kansas City Chiefs,Patrick Mahomes,Patrick,Mahomes,QB,Quarterback,Offense,15,Active,30,"6' 2""",225,10,3139477
KC,Kansas City Chiefs,Garrett Nussmeier,Garrett,Nussmeier,QB,Quarterback,Offense,14,Active,24,"6' 1""",205,0,4567747
KC,Kansas City Chiefs,Nathan Carter,Nathan,Carter,RB,Running Back,Offense,,Practice Squad,24,"5' 10""",202,2,4605841
KC,Kansas City Chiefs,Emmett Johnson,Emmett,Johnson,RB,Running Back,Offense,10,Active,22,"5' 11""",200,0,4832955
KC,Kansas City Chiefs,Jaydn Ott,Jaydn,Ott,RB,Running Back,Offense,42,Practice Squad,23,"5' 11""",208,0,4685489
KC,Kansas City Chiefs,Brashard Smith,Brashard,Smith,RB,Running Back,Offense,24,Active,23,"5' 10""",196,2,4596602
KC,Kansas City Chiefs,Kenneth Walker III,Kenneth,Walker III,RB,Running Back,Offense,9,Active,25,"5' 9""",211,5,4567048
KC,Kansas City Chiefs,Jake Briningstool,Jake,Briningstool,TE,Tight End,Offense,88,Active,23,"6' 6""",240,2,4431196
KC,Kansas City Chiefs,Noah Gray,Noah,Gray,TE,Tight End,Offense,83,Active,27,"6' 3""",240,6,4240472
KC,Kansas City Chiefs,John Michael Gyllenborg,John Michael,Gyllenborg,TE,Tight End,Offense,84,Day-To-Day,24,"6' 5""",251,0,4708490
KC,Kansas City Chiefs,Travis Kelce,Travis,Kelce,TE,Tight End,Offense,87,Active,36,"6' 5""",250,14,15847
KC,Kansas City Chiefs,Thomas Odukoya,Thomas,Odukoya,TE,Tight End,Offense,,Active,29,"6' 6""",253,2,4363554
KC,Kansas City Chiefs,Jared Wiley,Jared,Wiley,TE,Tight End,Offense,12,Active,25,"6' 6""",249,3,4430723
KC,Kansas City Chiefs,Cyrus Allen,Cyrus,Allen,WR,Wide Receiver,Offense,13,Active,23,"5' 11""",180,0,4912218
KC,Kansas City Chiefs,Andrew Armstrong,Andrew,Armstrong,WR,Wide Receiver,Offense,85,Practice Squad,25,"6' 4""",210,1,5093923
KC,Kansas City Chiefs,Jeff Caldwell,Jeff,Caldwell,WR,Wide Receiver,Offense,8,Day-To-Day,23,"6' 5""",215,0,4885466
KC,Kansas City Chiefs,Omari Evans,Omari,Evans,WR,Wide Receiver,Offense,7,Practice Squad,22,"6' 0""",195,0,4702908
KC,Kansas City Chiefs,Jimmy Holiday,Jimmy,Holiday,WR,Wide Receiver,Offense,82,Day-To-Day,24,"6' 1""",211,1,4431142
KC,Kansas City Chiefs,Nikko Remigio,Nikko,Remigio,WR,Wide Receiver,Offense,81,Active,26,"5' 9""",187,2,4372716
KC,Kansas City Chiefs,Rashee Rice,Rashee,Rice,WR,Wide Receiver,Offense,4,Active,26,"6' 1""",204,4,4428331
KC,Kansas City Chiefs,Jalen Royals,Jalen,Royals,WR,Wide Receiver,Offense,11,Active,23,"6' 0""",195,2,5082630
KC,Kansas City Chiefs,Tyquan Thornton,Tyquan,Thornton,WR,Wide Receiver,Offense,2,Active,26,"6' 2""",185,5,4362921
KC,Kansas City Chiefs,Xavier Worthy,Xavier,Worthy,WR,Wide Receiver,Offense,1,Active,23,"5' 11""",165,3,4683062
KC,Kansas City Chiefs,Jadon Canady,Jadon,Canady,CB,Cornerback,Defense,22,Active,23,"5' 11""",185,0,4710706
KC,Kansas City Chiefs,Mansoor Delane,Mansoor,Delane,CB,Cornerback,Defense,5,Active,22,"6' 0""",190,0,4880124
KC,Kansas City Chiefs,Kristian Fulton,Kristian,Fulton,CB,Cornerback,Defense,8,Active,28,"5' 11""",197,6,4035433
KC,Kansas City Chiefs,Kader Kohou,Kader,Kohou,CB,Cornerback,Defense,26,Practice Squad,27,"5' 10""",197,5,4291489
KC,Kansas City Chiefs,D'Arco Perkins-McAllister,D'Arco,Perkins-McAllister,CB,Cornerback,Defense,19,Practice Squad,23,"6' 1""",195,0,4880312
KC,Kansas City Chiefs,Chris Roland-Wallace,Chris,Roland-Wallace,CB,Cornerback,Defense,30,Active,24,"5' 11""",202,3,4428383
KC,Kansas City Chiefs,L'Jarius Sneed,L'Jarius,Sneed,CB,Cornerback,Defense,38,Active,29,"6' 1""",192,7,4040432
KC,Kansas City Chiefs,Nohl Williams,Nohl,Williams,CB,Cornerback,Defense,20,Active,23,"6' 1""",200,2,4610705
KC,Kansas City Chiefs,Felix Anudike-Uzomah,Felix,Anudike-Uzomah,DE,Defensive End,Defense,91,Active,24,"6' 4""",255,4,4612387
KC,Kansas City Chiefs,Ashton Gillotte,Ashton,Gillotte,DE,Defensive End,Defense,97,Active,23,"6' 3""",270,2,4684432
KC,Kansas City Chiefs,George Karlaftis,George,Karlaftis,DE,Defensive End,Defense,56,Active,25,"6' 4""",263,5,4426659
KC,Kansas City Chiefs,Emmanuel Ogbah,Emmanuel,Ogbah,DE,Defensive End,Defense,50,Practice Squad,32,"6' 4""",275,11,2977740
KC,Kansas City Chiefs,Tyreke Smith,Tyreke,Smith,DE,Defensive End,Defense,57,Practice Squad,26,"6' 3""",255,3,4361340
KC,Kansas City Chiefs,R Mason Thomas,R Mason,Thomas,DE,Defensive End,Defense,51,Active,22,"6' 2""",249,0,5081927
KC,Kansas City Chiefs,Bryson Eason,Bryson,Eason,DT,Defensive Tackle,Defense,,Active,24,"6' 3""",315,0,4431561
KC,Kansas City Chiefs,Marcus Harris,Marcus,Harris,DT,Defensive Tackle,Defense,68,Practice Squad,25,"6' 3""",295,1,4573152
KC,Kansas City Chiefs,Chris Jones,Chris,Jones,DT,Defensive Tackle,Defense,95,Active,32,"6' 6""",310,11,3044859
KC,Kansas City Chiefs,Omarr Norman-Lott,Omarr,Norman-Lott,DT,Defensive Tackle,Defense,55,Day-To-Day,24,"6' 3""",315,2,4591008
KC,Kansas City Chiefs,Khyiris Tonga,Khyiris,Tonga,DT,Defensive Tackle,Defense,92,Active,30,"6' 2""",335,6,4256074
KC,Kansas City Chiefs,Peter Woods,Peter,Woods,DT,Defensive Tackle,Defense,99,Active,21,"6' 3""",310,0,4871063
KC,Kansas City Chiefs,Jeffrey Bassa,Jeffrey,Bassa,LB,Linebacker,Defense,31,Active,23,"6' 2""",235,2,4602389
KC,Kansas City Chiefs,Nick Bolton,Nick,Bolton,LB,Linebacker,Defense,32,Active,26,"5' 11""",237,6,4362759
KC,Kansas City Chiefs,Cole Christiansen,Cole,Christiansen,LB,Linebacker,Defense,48,Practice Squad,29,"6' 1""",230,2,4036959
KC,Kansas City Chiefs,Jack Cochrane,Jack,Cochrane,LB,Linebacker,Defense,43,Active,27,"6' 3""",236,5,4249766
KC,Kansas City Chiefs,Ethan Downs,Ethan,Downs,LB,Linebacker,Defense,40,Day-To-Day,23,"6' 4""",263,1,4431534
KC,Kansas City Chiefs,Cam Jones,Cam,Jones,LB,Linebacker,Defense,45,Practice Squad,26,"6' 2""",227,3,4371959
KC,Kansas City Chiefs,Cooper McDonald,Cooper,McDonald,LB,Linebacker,Defense,44,Active,25,"6' 3""",240,2,4567826
KC,Kansas City Chiefs,Jack Pyburn,Jack,Pyburn,LB,Linebacker,Defense,,Active,23,"6' 4""",258,0,4837252
KC,Kansas City Chiefs,Drue Tranquill,Drue,Tranquill,LB,Linebacker,Defense,23,Active,31,"6' 2""",234,8,3129310
KC,Kansas City Chiefs,Chamarri Conner,Chamarri,Conner,S,Safety,Defense,27,Active,26,"6' 0""",202,4,4361964
KC,Kansas City Chiefs,Alohi Gilman,Alohi,Gilman,S,Safety,Defense,17,Active,28,"5' 10""",201,7,4039413
KC,Kansas City Chiefs,Jaden Hicks,Jaden,Hicks,S,Safety,Defense,21,Active,24,"6' 1""",215,3,4685232
KC,Kansas City Chiefs,Tanner McCalister,Tanner,McCalister,S,Safety,Defense,34,Practice Squad,26,"5' 11""",191,1,4361824
KC,Kansas City Chiefs,Xavier Nwankpa,Xavier,Nwankpa,S,Safety,Defense,29,Active,22,"6' 2""",213,0,4685491
KC,Kansas City Chiefs,DeShon Singleton,DeShon,Singleton,S,Safety,Defense,25,Practice Squad,23,"6' 3""",210,0,5081093
KC,Kansas City Chiefs,James Winchester,James,Winchester,LS,Long Snapper,Special Teams,41,Active,37,"6' 3""",240,12,16665
KC,Kansas City Chiefs,Matt Araiza,Matt,Araiza,P,Punter,Special Teams,14,Active,26,"6' 1""",200,3,4361496
KC,Kansas City Chiefs,Harrison Butker,Harrison,Butker,PK,Place Kicker,Special Teams,7,Active,31,"6' 4""",205,10,3055899
LAC,Los Angeles Chargers,Tyler Biadasz,Tyler,Biadasz,C,Center,Offense,63,Active,28,"6' 4""",318,7,4035788
LAC,Los Angeles Chargers,Josh Kaltenberger,Josh,Kaltenberger,C,Center,Offense,68,Practice Squad,25,"6' 6""",308,1,4430114
LAC,Los Angeles Chargers,Jake Slaughter,Jake,Slaughter,C,Center,Offense,66,Active,23,"6' 5""",308,0,4682506
LAC,Los Angeles Chargers,Jacob Spomer,Jacob,Spomer,C,Center,Offense,60,Active,25,"6' 3""",290,0,5082312
LAC,Los Angeles Chargers,Alec Ingold,Alec,Ingold,FB,Fullback,Offense,30,Active,30,"6' 1""",240,8,3917668
LAC,Los Angeles Chargers,Scott Matlock,Scott,Matlock,FB,Fullback,Offense,44,Day-To-Day,26,"6' 4""",296,4,4373684
LAC,Los Angeles Chargers,Kayode Awosika,Kayode,Awosika,G,Guard,Offense,74,Active,27,"6' 3""",312,5,4040842
LAC,Los Angeles Chargers,Alex Harkey,Alex,Harkey,G,Guard,Offense,73,Active,25,"6' 6""",327,0,5082660
LAC,Los Angeles Chargers,Trevor Penning,Trevor,Penning,G,Guard,Offense,75,Active,27,"6' 7""",325,5,4248627
LAC,Los Angeles Chargers,Cole Strange,Cole,Strange,G,Guard,Offense,69,Active,28,"6' 5""",305,5,4051001
LAC,Los Angeles Chargers,Branson Taylor,Branson,Taylor,G,Guard,Offense,71,Day-To-Day,24,"6' 6""",330,1,4433914
LAC,Los Angeles Chargers,Logan Taylor,Logan,Taylor,G,Guard,Offense,65,Active,24,"6' 7""",312,0,4682789
LAC,Los Angeles Chargers,Joe Alt,Joe,Alt,OT,Offensive Tackle,Offense,76,Active,23,"6' 8""",322,3,4683487
LAC,Los Angeles Chargers,Travis Burke,Travis,Burke,OT,Offensive Tackle,Offense,77,Active,23,"6' 9""",315,0,4876658
LAC,Los Angeles Chargers,Trey Pipkins III,Trey,Pipkins III,OT,Offensive Tackle,Offense,79,Active,29,"6' 6""",307,8,4411189
LAC,Los Angeles Chargers,Rashawn Slater,Rashawn,Slater,OT,Offensive Tackle,Offense,70,Active,27,"6' 4""",315,6,4242283
LAC,Los Angeles Chargers,Laekin Vakalahi,Laekin,Vakalahi,OT,Offensive Tackle,Offense,78,Practice Squad,23,"6' 5""",327,1,5211218
LAC,Los Angeles Chargers,Isaiah World,Isaiah,World,OT,Offensive Tackle,Offense,67,Day-To-Day,22,"6' 8""",318,0,5084965
LAC,Los Angeles Chargers,Justin Herbert,Justin,Herbert,QB,Quarterback,Offense,10,Active,28,"6' 6""",236,7,4038941
LAC,Los Angeles Chargers,Trey Lance,Trey,Lance,QB,Quarterback,Offense,5,Active,26,"6' 4""",226,6,4383351
LAC,Los Angeles Chargers,DJ Uiagalelei,DJ,Uiagalelei,QB,Quarterback,Offense,7,Practice Squad,25,"6' 4""",252,1,4429020
LAC,Los Angeles Chargers,Greg Desrosiers Jr.,Greg,Desrosiers Jr.,RB,Running Back,Offense,31,Practice Squad,25,"5' 11""",200,0,4691889
LAC,Los Angeles Chargers,Omarion Hampton,Omarion,Hampton,RB,Running Back,Offense,8,Active,23,"6' 0""",220,2,4685382
LAC,Los Angeles Chargers,Amar Johnson,Amar,Johnson,RB,Running Back,Offense,35,Practice Squad,23,"5' 10""",205,1,4878878
LAC,Los Angeles Chargers,Keaton Mitchell,Keaton,Mitchell,RB,Running Back,Offense,34,Active,24,"5' 8""",191,4,4596334
LAC,Los Angeles Chargers,Kimani Vidal,Kimani,Vidal,RB,Running Back,Offense,28,Active,25,"5' 8""",215,3,4430968
LAC,Los Angeles Chargers,Oronde Gadsden,Oronde,Gadsden,TE,Tight End,Offense,86,Active,23,"6' 5""",236,2,4595342
LAC,Los Angeles Chargers,Patrick Herbert,Patrick,Herbert,TE,Tight End,Offense,,Practice Squad,25,"6' 5""",255,1,4429811
LAC,Los Angeles Chargers,Charlie Kolar,Charlie,Kolar,TE,Tight End,Offense,88,Active,27,"6' 6""",250,5,4241263
LAC,Los Angeles Chargers,David Njoku,David,Njoku,TE,Tight End,Offense,83,Active,30,"6' 4""",246,12,3123076
LAC,Los Angeles Chargers,Evan Svoboda,Evan,Svoboda,TE,Tight End,Offense,49,Practice Squad,23,"6' 5""",251,0,5082633
LAC,Los Angeles Chargers,Dalevon Campbell,Dalevon,Campbell,WR,Wide Receiver,Offense,81,Day-To-Day,24,"6' 4""",220,2,4569372
LAC,Los Angeles Chargers,Derius Davis,Derius,Davis,WR,Wide Receiver,Offense,12,Active,25,"5' 8""",165,4,4362477
LAC,Los Angeles Chargers,Tre' Harris,Tre',Harris,WR,Wide Receiver,Offense,9,Active,24,"6' 3""",210,2,4686612
LAC,Los Angeles Chargers,Gary Jennings,Gary,Jennings,WR,Wide Receiver,Offense,87,Practice Squad,29,"6' 1""",216,2,3916071
LAC,Los Angeles Chargers,Quentin Johnston,Quentin,Johnston,WR,Wide Receiver,Offense,1,Active,24,"6' 2""",208,4,4429025
LAC,Los Angeles Chargers,KeAndre Lambert-Smith,KeAndre,Lambert-Smith,WR,Wide Receiver,Offense,84,Active,24,"6' 1""",182,2,4430870
LAC,Los Angeles Chargers,Ladd McConkey,Ladd,McConkey,WR,Wide Receiver,Offense,15,Active,24,"6' 0""",185,3,4612826
LAC,Los Angeles Chargers,Brenen Thompson,Brenen,Thompson,WR,Wide Receiver,Offense,89,Active,23,"5' 9""",170,0,4685553
LAC,Los Angeles Chargers,Theo Wease Jr.,Theo,Wease Jr.,WR,Wide Receiver,Offense,82,Practice Squad,25,"6' 2""",210,1,4426535
LAC,Los Angeles Chargers,Kaiir Elam,Kaiir,Elam,CB,Cornerback,Defense,29,Practice Squad,25,"6' 1""",202,5,4567399
LAC,Los Angeles Chargers,Cam Hart,Cam,Hart,CB,Cornerback,Defense,20,Active,26,"6' 2""",207,3,4427404
LAC,Los Angeles Chargers,Donte Jackson,Donte,Jackson,CB,Cornerback,Defense,26,Active,30,"5' 10""",180,8,3843769
LAC,Los Angeles Chargers,Deane Leonard,Deane,Leonard,CB,Cornerback,Defense,33,Active,26,"6' 0""",195,5,4690171
LAC,Los Angeles Chargers,Elijah Molden,Elijah,Molden,CB,Cornerback,Defense,2,Active,27,"5' 10""",192,6,4243328
LAC,Los Angeles Chargers,Nikko Reed,Nikko,Reed,CB,Cornerback,Defense,46,Practice Squad,23,"5' 10""",180,2,4691043
LAC,Los Angeles Chargers,Rodney Shelley,Rodney,Shelley,CB,Cornerback,Defense,24,Active,24,"5' 11""",180,0,4838693
LAC,Los Angeles Chargers,Tarheeb Still,Tarheeb,Still,CB,Cornerback,Defense,4,Active,24,"6' 1""",196,3,4432571
LAC,Los Angeles Chargers,Nick Barrett,Nick,Barrett,DT,Defensive Tackle,Defense,91,Active,23,"6' 3""",327,0,4682818
LAC,Los Angeles Chargers,Jamaree Caldwell,Jamaree,Caldwell,DT,Defensive Tackle,Defense,99,Active,26,"6' 1""",340,2,5089178
LAC,Los Angeles Chargers,Justin Eboigbe,Justin,Eboigbe,DT,Defensive Tackle,Defense,92,Active,25,"6' 5""",292,3,4567138
LAC,Los Angeles Chargers,Jordan Jefferson,Jordan,Jefferson,DT,Defensive Tackle,Defense,95,Practice Squad,24,"6' 2""",316,3,4569448
LAC,Los Angeles Chargers,Teair Tart,Teair,Tart,DT,Defensive Tackle,Defense,93,Active,29,"6' 2""",315,7,4374269
LAC,Los Angeles Chargers,Dalvin Tomlinson,Dalvin,Tomlinson,DT,Defensive Tackle,Defense,94,Active,32,"6' 3""",317,10,2979860
LAC,Los Angeles Chargers,Terry Webb,Terry,Webb,DT,Defensive Tackle,Defense,64,Practice Squad,23,"6' 3""",313,0,5152226
LAC,Los Angeles Chargers,Lander Barton,Lander,Barton,LB,Linebacker,Defense,57,Practice Squad,22,"6' 5""",240,0,4685272
LAC,Los Angeles Chargers,Andre Carter II,Andre,Carter II,LB,Linebacker,Defense,51,Practice Squad,26,"6' 6""",256,3,4577333
LAC,Los Angeles Chargers,Junior Colson,Junior,Colson,LB,Linebacker,Defense,25,Practice Squad,23,"6' 3""",247,3,4431212
LAC,Los Angeles Chargers,Bud Dupree,Bud,Dupree,LB,Linebacker,Defense,48,Active,33,"6' 4""",269,12,2576702
LAC,Los Angeles Chargers,Troy Dye,Troy,Dye,LB,Linebacker,Defense,43,Active,29,"6' 3""",225,7,4038946
LAC,Los Angeles Chargers,Daiyan Henley,Daiyan,Henley,LB,Linebacker,Defense,0,Active,26,"6' 0""",225,4,4241597
LAC,Los Angeles Chargers,Khalil Mack,Khalil,Mack,LB,Linebacker,Defense,52,Active,35,"6' 3""",269,13,16710
LAC,Los Angeles Chargers,Akheem Mesidor,Akheem,Mesidor,LB,Linebacker,Defense,90,Active,25,"6' 3""",280,0,4429190
LAC,Los Angeles Chargers,Caleb Murphy,Caleb,Murphy,LB,Linebacker,Defense,,Practice Squad,26,"6' 3""",254,4,4911489
LAC,Los Angeles Chargers,Denzel Perryman,Denzel,Perryman,LB,Linebacker,Defense,6,Day-To-Day,33,"5' 11""",240,12,2579621
LAC,Los Angeles Chargers,Del'Shawn Phillips,Del'Shawn,Phillips,LB,Linebacker,Defense,53,Active,29,"6' 2""",230,7,4240528
LAC,Los Angeles Chargers,Tuli Tuipulotu,Tuli,Tuipulotu,LB,Linebacker,Defense,45,Active,24,"6' 3""",266,4,4431442
LAC,Los Angeles Chargers,Marlowe Wax,Marlowe,Wax,LB,Linebacker,Defense,58,Active,23,"6' 1""",236,2,4431467
LAC,Los Angeles Chargers,Derwin James Jr.,Derwin,James Jr.,S,Safety,Defense,3,Active,30,"6' 2""",215,9,3691739
LAC,Los Angeles Chargers,Tony Jefferson,Tony,Jefferson,S,Safety,Defense,23,Active,34,"5' 11""",212,12,16195
LAC,Los Angeles Chargers,RJ Mickens,RJ,Mickens,S,Safety,Defense,27,Active,25,"6' 0""",210,2,4429018
LAC,Los Angeles Chargers,Genesis Smith,Genesis,Smith,S,Safety,Defense,22,Active,21,"6' 2""",204,0,4950551
LAC,Los Angeles Chargers,Kendall Williamson,Kendall,Williamson,S,Safety,Defense,40,Active,26,"6' 0""",203,2,4360745
LAC,Los Angeles Chargers,Josh Harris,Josh,Harris,LS,Long Snapper,Special Teams,47,Active,37,"6' 1""",224,15,15151
LAC,Los Angeles Chargers,JK Scott,JK,Scott,P,Punter,Special Teams,16,Active,30,"6' 5""",208,8,3126368
LAC,Los Angeles Chargers,Cameron Dicker,Cameron,Dicker,PK,Place Kicker,Special Teams,11,Active,26,"6' 1""",216,5,4362081
LAR,Los Angeles Rams,Beaux Limmer,Beaux,Limmer,C,Center,Offense,50,Active,25,"6' 5""",318,3,4567175
LAR,Los Angeles Rams,Dylan McMahon,Dylan,McMahon,C,Center,Offense,63,Active,25,"6' 3""",290,2,4430155
LAR,Los Angeles Rams,Coleman Shelton,Coleman,Shelton,C,Center,Offense,65,Active,31,"6' 5""",292,8,3052180
LAR,Los Angeles Rams,Steve Avila,Steve,Avila,G,Guard,Offense,73,Active,26,"6' 3""",332,4,4362474
LAR,Los Angeles Rams,Justin Dedich,Justin,Dedich,G,Guard,Offense,67,Day-To-Day,26,"6' 2""",296,3,4360859
LAR,Los Angeles Rams,Kevin Dotson,Kevin,Dotson,G,Guard,Offense,69,Active,29,"6' 4""",328,7,3917599
LAR,Los Angeles Rams,Blake Hance,Blake,Hance,G,Guard,Offense,72,Practice Squad,30,"6' 5""",310,6,3116135
LAR,Los Angeles Rams,Bill Murray,Bill,Murray,G,Guard,Offense,66,Active,29,"6' 3""",321,2,3912189
LAR,Los Angeles Rams,Austin Blaske,Austin,Blaske,OT,Offensive Tackle,Offense,64,Practice Squad,24,"6' 5""",310,0,4430949
LAR,Los Angeles Rams,Alaric Jackson,Alaric,Jackson,OT,Offensive Tackle,Offense,77,Active,28,"6' 7""",338,6,4036135
LAR,Los Angeles Rams,Warren McClendon Jr.,Warren,McClendon Jr.,OT,Offensive Tackle,Offense,71,Active,25,"6' 4""",315,4,4426512
LAR,Los Angeles Rams,David Quessenberry,David,Quessenberry,OT,Offensive Tackle,Offense,68,Active,36,"6' 5""",310,9,15946
LAR,Los Angeles Rams,Keagen Trost,Keagen,Trost,OT,Offensive Tackle,Offense,79,Day-To-Day,25,"6' 4""",311,0,4575003
LAR,Los Angeles Rams,Stetson Bennett IV,Stetson,Bennett IV,QB,Quarterback,Offense,13,Active,28,"5' 11""",192,3,4259553
LAR,Los Angeles Rams,Matthew Caldwell,Matthew,Caldwell,QB,Quarterback,Offense,2,Day-To-Day,23,"6' 4""",209,0,4877717
LAR,Los Angeles Rams,Ty Simpson,Ty,Simpson,QB,Quarterback,Offense,15,Active,23,"6' 1""",211,0,4685522
LAR,Los Angeles Rams,Matthew Stafford,Matthew,Stafford,QB,Quarterback,Offense,9,Active,38,"6' 3""",214,18,12483
LAR,Los Angeles Rams,Dean Connors,Dean,Connors,RB,Running Back,Offense,33,Practice Squad,23,"5' 11""",206,0,5082269
LAR,Los Angeles Rams,Blake Corum,Blake,Corum,RB,Running Back,Offense,24,Active,25,"5' 8""",202,3,4429096
LAR,Los Angeles Rams,Ronnie Rivers,Ronnie,Rivers,RB,Running Back,Offense,20,Active,27,"5' 9""",198,5,4243003
LAR,Los Angeles Rams,Jordan Waters,Jordan,Waters,RB,Running Back,Offense,32,Practice Squad,25,"6' 0""",225,1,4428803
LAR,Los Angeles Rams,Kyren Williams,Kyren,Williams,RB,Running Back,Offense,23,Active,26,"5' 9""",207,5,4430737
LAR,Los Angeles Rams,Davis Allen,Davis,Allen,TE,Tight End,Offense,87,Active,25,"6' 6""",253,4,4426553
LAR,Los Angeles Rams,Terrance Ferguson,Terrance,Ferguson,TE,Tight End,Offense,18,Active,23,"6' 5""",252,2,4570037
LAR,Los Angeles Rams,Tyler Higbee,Tyler,Higbee,TE,Tight End,Offense,89,Active,33,"6' 6""",253,11,2573401
LAR,Los Angeles Rams,Max Klare,Max,Klare,TE,Tight End,Offense,86,Active,23,"6' 4""",246,0,4833029
LAR,Los Angeles Rams,Colby Parkinson,Colby,Parkinson,TE,Tight End,Offense,84,Active,27,"6' 7""",266,7,4242557
LAR,Los Angeles Rams,Dan Villari,Dan,Villari,TE,Tight End,Offense,38,Practice Squad,24,"6' 4""",243,0,4608858
LAR,Los Angeles Rams,Davante Adams,Davante,Adams,WR,Wide Receiver,Offense,17,Active,33,"6' 1""",204,13,16800
LAR,Los Angeles Rams,Tutu Atwell,Tutu,Atwell,WR,Wide Receiver,Offense,8,Active,26,"5' 9""",165,6,4360797
LAR,Los Angeles Rams,Alex Bachman,Alex,Bachman,WR,Wide Receiver,Offense,5,Practice Squad,30,"6' 0""",190,3,3919510
LAR,Los Angeles Rams,CJ Daniels,CJ,Daniels,WR,Wide Receiver,Offense,6,Active,24,"6' 2""",202,0,4605951
LAR,Los Angeles Rams,Konata Mumpfield,Konata,Mumpfield,WR,Wide Receiver,Offense,4,Active,23,"6' 1""",188,2,4710855
LAR,Los Angeles Rams,Puka Nacua,Puka,Nacua,WR,Wide Receiver,Offense,12,Active,25,"6' 2""",216,4,4426515
LAR,Los Angeles Rams,Brennan Presley,Brennan,Presley,WR,Wide Receiver,Offense,81,Practice Squad,24,"5' 8""",174,1,4431342
LAR,Los Angeles Rams,Xavier Smith,Xavier,Smith,WR,Wide Receiver,Offense,19,Active,28,"5' 9""",180,3,4386544
LAR,Los Angeles Rams,Jordan Whittington,Jordan,Whittington,WR,Wide Receiver,Offense,88,Active,25,"6' 1""",202,3,4569382
LAR,Los Angeles Rams,Emmanuel Forbes Jr.,Emmanuel,Forbes Jr.,CB,Cornerback,Defense,1,Active,25,"6' 0""",173,4,4429767
LAR,Los Angeles Rams,Nyzier Fourqurean,Nyzier,Fourqurean,CB,Cornerback,Defense,25,Practice Squad,24,"6' 1""",190,0,5160648
LAR,Los Angeles Rams,Alex Johnson,Alex,Johnson,CB,Cornerback,Defense,36,Day-To-Day,25,"6' 0""",185,1,4367181
LAR,Los Angeles Rams,Cam Lampkin,Cam,Lampkin,CB,Cornerback,Defense,21,Practice Squad,25,"5' 11""",174,1,4427752
LAR,Los Angeles Rams,Trent McDuffie,Trent,McDuffie,CB,Cornerback,Defense,22,Active,25,"5' 11""",193,5,4426405
LAR,Los Angeles Rams,Zech McPhearson,Zech,McPhearson,CB,Cornerback,Defense,41,Day-To-Day,28,"5' 11""",191,5,4045161
LAR,Los Angeles Rams,Josh Wallace,Josh,Wallace,CB,Cornerback,Defense,30,Active,26,"6' 0""",190,3,4572371
LAR,Los Angeles Rams,Jaylen Watson,Jaylen,Watson,CB,Cornerback,Defense,35,Active,27,"6' 2""",197,5,4697639
LAR,Los Angeles Rams,Tyler Davis,Tyler,Davis,DE,Defensive End,Defense,90,Active,25,"6' 2""",306,3,4568217
LAR,Los Angeles Rams,Braden Fiske,Braden,Fiske,DE,Defensive End,Defense,55,Active,26,"6' 5""",294,3,4362245
LAR,Los Angeles Rams,Myles Garrett,Myles,Garrett,DE,Defensive End,Defense,95,Active,30,"6' 4""",272,10,3122132
LAR,Los Angeles Rams,Desjuan Johnson,Desjuan,Johnson,DE,Defensive End,Defense,94,Active,27,"6' 3""",278,4,4362294
LAR,Los Angeles Rams,Larrell Murchison,Larrell,Murchison,DE,Defensive End,Defense,52,Practice Squad,29,"6' 2""",295,7,4240123
LAR,Los Angeles Rams,Daniel Rickert,Daniel,Rickert,DE,Defensive End,Defense,40,Day-To-Day,24,"6' 2""",232,0,4695022
LAR,Los Angeles Rams,Kobie Turner,Kobie,Turner,DE,Defensive End,Defense,91,Active,27,"6' 2""",294,4,4250621
LAR,Los Angeles Rams,Aaron Donald,Aaron,Donald,DT,Defensive Tackle,Defense,99,Active,35,"6' 1""",280,10,16716
LAR,Los Angeles Rams,Poona Ford,Poona,Ford,DT,Defensive Tackle,Defense,97,Active,30,"5' 11""",314,9,3125114
LAR,Los Angeles Rams,Ty Hamilton,Ty,Hamilton,DT,Defensive Tackle,Defense,57,Active,24,"6' 3""",301,2,4431118
LAR,Los Angeles Rams,Bill Norton,Bill,Norton,DT,Defensive Tackle,Defense,93,Practice Squad,26,"6' 6""",336,1,4426401
LAR,Los Angeles Rams,Wesley Bailey,Wesley,Bailey,LB,Linebacker,Defense,47,Active,25,"6' 5""",265,0,4430919
LAR,Los Angeles Rams,Shaun Dolac,Shaun,Dolac,LB,Linebacker,Defense,56,Active,24,"6' 1""",222,2,4693848
LAR,Los Angeles Rams,Nate Landman,Nate,Landman,LB,Linebacker,Defense,53,Active,27,"6' 3""",234,5,4243181
LAR,Los Angeles Rams,Elias Neal,Elias,Neal,LB,Linebacker,Defense,58,Practice Squad,24,"6' 0""",221,2,4428098
LAR,Los Angeles Rams,Darryl Peterson III,Darryl,Peterson III,LB,Linebacker,Defense,59,Practice Squad,22,"6' 1""",260,0,4598574
LAR,Los Angeles Rams,Jamie Sheriff,Jamie,Sheriff,LB,Linebacker,Defense,,Practice Squad,26,"6' 1""",254,1,4685984
LAR,Los Angeles Rams,Omar Speights,Omar,Speights,LB,Linebacker,Defense,48,Active,25,"6' 1""",234,3,4428550
LAR,Los Angeles Rams,Josaiah Stewart,Josaiah,Stewart,LB,Linebacker,Defense,10,Active,23,"6' 1""",251,2,4682983
LAR,Los Angeles Rams,Grant Stuard,Grant,Stuard,LB,Linebacker,Defense,44,Active,27,"5' 11""",230,6,4240255
LAR,Los Angeles Rams,Keir Thomas II,Keir,Thomas II,LB,Linebacker,Defense,11,Day-To-Day,28,"6' 2""",260,4,4038843
LAR,Los Angeles Rams,Eddie Walls III,Eddie,Walls III,LB,Linebacker,Defense,51,Day-To-Day,24,"6' 4""",250,0,4877357
LAR,Los Angeles Rams,Byron Young,Byron,Young,LB,Linebacker,Defense,0,Active,28,"6' 2""",260,4,4875196
LAR,Los Angeles Rams,Nick Andersen,Nick,Andersen,S,Safety,Defense,45,Practice Squad,24,"5' 11""",197,0,4690182
LAR,Los Angeles Rams,Kam Curl,Kam,Curl,S,Safety,Defense,3,Active,27,"6' 2""",207,7,4242154
LAR,Los Angeles Rams,Tanner Ingle,Tanner,Ingle,S,Safety,Defense,34,Practice Squad,26,"5' 8""",186,1,4361651
LAR,Los Angeles Rams,Kamren Kinchens,Kamren,Kinchens,S,Safety,Defense,5,Active,23,"6' 0""",201,3,4596363
LAR,Los Angeles Rams,Quentin Lake,Quentin,Lake,S,Safety,Defense,37,Active,27,"6' 1""",204,5,4249128
LAR,Los Angeles Rams,Jaylen McCollough,Jaylen,McCollough,S,Safety,Defense,2,Active,25,"6' 0""",211,3,4427120
LAR,Los Angeles Rams,Joe Cardona,Joe,Cardona,LS,Long Snapper,Special Teams,49,Active,34,"6' 2""",245,12,2575907
LAR,Los Angeles Rams,Jack Bouwmeester,Jack,Bouwmeester,P,Punter,Special Teams,14,Practice Squad,27,"6' 2""",205,0,4426752
LAR,Los Angeles Rams,Ethan Evans,Ethan,Evans,P,Punter,Special Teams,42,Active,25,"6' 3""",253,4,5125875
LAR,Los Angeles Rams,Harrison Mevis,Harrison,Mevis,PK,Place Kicker,Special Teams,92,Active,24,"6' 0""",245,2,4574716
LV,Las Vegas Raiders,Tyler Linderbaum,Tyler,Linderbaum,C,Center,Offense,65,Active,26,"6' 2""",305,5,4360499
LV,Las Vegas Raiders,Will Putnam,Will,Putnam,C,Center,Offense,67,Practice Squad,26,"6' 4""",301,2,4426393
LV,Las Vegas Raiders,Trey Zuhn III,Trey,Zuhn III,C,Center,Offense,66,Active,23,"6' 7""",319,0,4431623
LV,Las Vegas Raiders,Connor Heyward,Connor,Heyward,FB,Fullback,Offense,34,Active,27,"6' 0""",230,5,4241961
LV,Las Vegas Raiders,Spencer Burford,Spencer,Burford,G,Guard,Offense,70,Active,26,"6' 4""",300,5,4362999
LV,Las Vegas Raiders,Atonio Mafi,Atonio,Mafi,G,Guard,Offense,56,Active,25,"6' 3""",330,2,4367202
LV,Las Vegas Raiders,Evan Neal,Evan,Neal,G,Guard,Offense,,Practice Squad,25,"6' 7""",340,5,4567134
LV,Las Vegas Raiders,Justin Pickett,Justin,Pickett,G,Guard,Offense,77,Day-To-Day,23,"6' 7""",317,0,4688538
LV,Las Vegas Raiders,Jackson Powers-Johnson,Jackson,Powers-Johnson,G,Guard,Offense,58,Active,23,"6' 3""",325,3,4875295
LV,Las Vegas Raiders,Caleb Rogers,Caleb,Rogers,G,Guard,Offense,76,Active,24,"6' 4""",312,2,4433889
LV,Las Vegas Raiders,DJ Glaze,DJ,Glaze,OT,Offensive Tackle,Offense,71,Active,24,"6' 4""",331,3,4606683
LV,Las Vegas Raiders,Charles Grant,Charles,Grant,OT,Offensive Tackle,Offense,60,Active,24,"6' 4""",304,2,4694505
LV,Las Vegas Raiders,Niklas Henning,Niklas,Henning,OT,Offensive Tackle,Offense,73,Practice Squad,23,"6' 6""",287,0,5348412
LV,Las Vegas Raiders,Kolton Miller,Kolton,Miller,OT,Offensive Tackle,Offense,74,Active,31,"6' 8""",326,9,3134312
LV,Las Vegas Raiders,Kirk Cousins,Kirk,Cousins,QB,Quarterback,Offense,8,Active,38,"6' 3""",209,15,14880
LV,Las Vegas Raiders,Fernando Mendoza,Fernando,Mendoza,QB,Quarterback,Offense,15,Active,22,"6' 5""",225,0,4837248
LV,Las Vegas Raiders,Aidan O'Connell,Aidan,O'Connell,QB,Quarterback,Offense,12,Active,28,"6' 3""",206,4,4260394
LV,Las Vegas Raiders,Chris Collier,Chris,Collier,RB,Running Back,Offense,33,Day-To-Day,26,"5' 10""",203,2,4698191
LV,Las Vegas Raiders,Roman Hemby,Roman,Hemby,RB,Running Back,Offense,37,Practice Squad,24,"6' 0""",210,0,4688835
LV,Las Vegas Raiders,Ashton Jeanty,Ashton,Jeanty,RB,Running Back,Offense,2,Active,22,"5' 8""",208,2,4890973
LV,Las Vegas Raiders,Dylan Laube,Dylan,Laube,RB,Running Back,Offense,23,Active,26,"5' 9""",204,3,4366963
LV,Las Vegas Raiders,Dare Ogunbowale,Dare,Ogunbowale,RB,Running Back,Offense,32,Practice Squad,32,"5' 10""",205,9,2983509
LV,Las Vegas Raiders,Mike Washington Jr.,Mike,Washington Jr.,RB,Running Back,Offense,30,Active,23,"6' 2""",228,0,4686658
LV,Las Vegas Raiders,Brock Bowers,Brock,Bowers,TE,Tight End,Offense,89,Active,23,"6' 4""",235,3,4432665
LV,Las Vegas Raiders,Michael Mayer,Michael,Mayer,TE,Tight End,Offense,87,Active,25,"6' 4""",256,4,4429086
LV,Las Vegas Raiders,Chris Myarick,Chris,Myarick,TE,Tight End,Offense,41,Practice Squad,30,"6' 5""",261,5,3138744
LV,Las Vegas Raiders,Carter Runyon,Carter,Runyon,TE,Tight End,Offense,84,Day-To-Day,25,"6' 4""",243,2,5155825
LV,Las Vegas Raiders,Ian Thomas,Ian,Thomas,TE,Tight End,Offense,80,Active,30,"6' 3""",253,9,4045305
LV,Las Vegas Raiders,Jack Bech,Jack,Bech,WR,Wide Receiver,Offense,18,Active,23,"6' 1""",214,2,4603186
LV,Las Vegas Raiders,Ronnie Bell,Ronnie,Bell,WR,Wide Receiver,Offense,,Practice Squad,26,"6' 0""",192,3,4372063
LV,Las Vegas Raiders,Malik Benson,Malik,Benson,WR,Wide Receiver,Offense,19,Active,23,"6' 1""",195,0,5150247
LV,Las Vegas Raiders,Jalen Nailor,Jalen,Nailor,WR,Wide Receiver,Offense,9,Active,27,"6' 0""",190,5,4382466
LV,Las Vegas Raiders,Corey Rucker,Corey,Rucker,WR,Wide Receiver,Offense,82,Day-To-Day,24,"6' 0""",213,0,4433901
LV,Las Vegas Raiders,Justin Shorter,Justin,Shorter,WR,Wide Receiver,Offense,88,Day-To-Day,26,"6' 4""",227,4,4361426
LV,Las Vegas Raiders,Deven Thompkins,Deven,Thompkins,WR,Wide Receiver,Offense,83,Practice Squad,26,"5' 8""",155,5,4374187
LV,Las Vegas Raiders,Dont'e Thornton Jr.,Dont'e,Thornton Jr.,WR,Wide Receiver,Offense,10,Day-To-Day,23,"6' 5""",205,2,4432775
LV,Las Vegas Raiders,Tre Tucker,Tre,Tucker,WR,Wide Receiver,Offense,1,Active,25,"5' 8""",182,4,4428718
LV,Las Vegas Raiders,Cody White,Cody,White,WR,Wide Receiver,Offense,,Practice Squad,27,"6' 3""",227,6,4241983
LV,Las Vegas Raiders,Dareke Young,Dareke,Young,WR,Wide Receiver,Offense,81,Active,27,"6' 2""",224,5,4401805
LV,Las Vegas Raiders,Chigozie Anusiem,Chigozie,Anusiem,CB,Cornerback,Defense,29,Day-To-Day,25,"6' 1""",200,2,4360475
LV,Las Vegas Raiders,Taron Johnson,Taron,Johnson,CB,Cornerback,Defense,3,Active,30,"5' 11""",192,9,3121003
LV,Las Vegas Raiders,Darrell Luter Jr.,Darrell,Luter Jr.,CB,Cornerback,Defense,,Active,26,"6' 0""",190,4,4685978
LV,Las Vegas Raiders,Hezekiah Masses,Hezekiah,Masses,CB,Cornerback,Defense,35,Active,22,"6' 1""",185,0,4917354
LV,Las Vegas Raiders,Jermod McCoy,Jermod,McCoy,CB,Cornerback,Defense,28,Active,21,"6' 0""",193,0,5157289
LV,Las Vegas Raiders,Darien Porter,Darien,Porter,CB,Cornerback,Defense,26,Active,25,"6' 2""",195,2,4430330
LV,Las Vegas Raiders,Eric Stokes,Eric,Stokes,CB,Cornerback,Defense,5,Active,27,"6' 1""",193,6,4259561
LV,Las Vegas Raiders,Greedy Vance,Greedy,Vance,CB,Cornerback,Defense,22,Practice Squad,24,"5' 9""",177,2,4686337
LV,Las Vegas Raiders,Keyron Crawford,Keyron,Crawford,DE,Defensive End,Defense,42,Day-To-Day,22,"6' 4""",253,0,4911904
LV,Las Vegas Raiders,Maxx Crosby,Maxx,Crosby,DE,Defensive End,Defense,98,Active,29,"6' 5""",255,8,3916655
LV,Las Vegas Raiders,Patrick Johnson,Patrick,Johnson,DE,Defensive End,Defense,93,Active,28,"6' 2""",248,6,4243916
LV,Las Vegas Raiders,Malcolm Koonce,Malcolm,Koonce,DE,Defensive End,Defense,51,Active,28,"6' 3""",243,6,4239719
LV,Las Vegas Raiders,Kwity Paye,Kwity,Paye,DE,Defensive End,Defense,95,Active,27,"6' 3""",265,6,4258194
LV,Las Vegas Raiders,Cian Slone,Cian,Slone,DE,Defensive End,Defense,48,Practice Squad,23,"6' 3""",239,0,5153665
LV,Las Vegas Raiders,Thomas Booker IV,Thomas,Booker IV,DT,Defensive Tackle,Defense,99,Active,26,"6' 3""",301,4,4360749
LV,Las Vegas Raiders,Adam Butler,Adam,Butler,DT,Defensive Tackle,Defense,69,Active,32,"6' 4""",301,9,2972342
LV,Las Vegas Raiders,Brandon Cleveland,Brandon,Cleveland,DT,Defensive Tackle,Defense,90,Practice Squad,22,"6' 4""",315,0,4685305
LV,Las Vegas Raiders,Folorunso Fatukasi,Folorunso,Fatukasi,DT,Defensive Tackle,Defense,94,Active,31,"6' 4""",318,8,3045172
LV,Las Vegas Raiders,Tonka Hemingway,Tonka,Hemingway,DT,Defensive Tackle,Defense,97,Active,24,"6' 2""",284,2,4429109
LV,Las Vegas Raiders,Jonah Laulu,Jonah,Laulu,DT,Defensive Tackle,Defense,96,Active,26,"6' 5""",289,3,4373956
LV,Las Vegas Raiders,JJ Pegues,JJ,Pegues,DT,Defensive Tackle,Defense,92,Active,24,"6' 2""",325,2,4430896
LV,Las Vegas Raiders,Gary Smith III,Gary,Smith III,DT,Defensive Tackle,Defense,75,Practice Squad,24,"6' 1""",319,0,4431390
LV,Las Vegas Raiders,Nakobe Dean,Nakobe,Dean,LB,Linebacker,Defense,17,Active,25,"5' 11""",230,5,4426340
LV,Las Vegas Raiders,Tommy Eichenberg,Tommy,Eichenberg,LB,Linebacker,Defense,44,Active,25,"6' 2""",234,3,4429560
LV,Las Vegas Raiders,Brennan Jackson,Brennan,Jackson,LB,Linebacker,Defense,54,Day-To-Day,25,"6' 4""",263,3,4373471
LV,Las Vegas Raiders,Cody Lindenberg,Cody,Lindenberg,LB,Linebacker,Defense,55,Active,24,"6' 2""",236,2,4685126
LV,Las Vegas Raiders,Cameron McGrone,Cameron,McGrone,LB,Linebacker,Defense,57,Practice Squad,26,"6' 3""",236,3,4372085
LV,Las Vegas Raiders,Azeez Ojulari,Azeez,Ojulari,LB,Linebacker,Defense,,Practice Squad,26,"6' 3""",240,6,4379409
LV,Las Vegas Raiders,Segun Olubi,Segun,Olubi,LB,Linebacker,Defense,50,Active,26,"6' 2""",220,4,4260703
LV,Las Vegas Raiders,Quay Walker,Quay,Walker,LB,Linebacker,Defense,7,Active,26,"6' 4""",240,5,4379416
LV,Las Vegas Raiders,Jeremy Chinn,Jeremy,Chinn,S,Safety,Defense,11,Active,28,"6' 3""",220,7,4043169
LV,Las Vegas Raiders,Dalton Johnson,Dalton,Johnson,S,Safety,Defense,43,Active,23,"5' 11""",198,0,4682488
LV,Las Vegas Raiders,Devin Lafayette,Devin,Lafayette,S,Safety,Defense,40,Practice Squad,24,"6' 2""",210,0,4607937
LV,Las Vegas Raiders,Tristin McCollum,Tristin,McCollum,S,Safety,Defense,27,Active,27,"6' 3""",195,3,4250393
LV,Las Vegas Raiders,Isaiah Pola-Mao,Isaiah,Pola-Mao,S,Safety,Defense,20,Active,27,"6' 3""",204,5,4259632
LV,Las Vegas Raiders,Treydan Stukes,Treydan,Stukes,S,Safety,Defense,31,Active,24,"6' 2""",200,0,4697757
LV,Las Vegas Raiders,Alex Ward,Alex,Ward,LS,Long Snapper,Special Teams,47,Active,27,"6' 4""",240,4,4243545
LV,Las Vegas Raiders,AJ Cole,AJ,Cole,P,Punter,Special Teams,6,Active,30,"6' 4""",220,8,3686689
LV,Las Vegas Raiders,Matt Gay,Matt,Gay,PK,Place Kicker,Special Teams,4,Active,32,"6' 0""",232,7,4249087
LV,Las Vegas Raiders,Kansei Matsuzawa,Kansei,Matsuzawa,PK,Place Kicker,Special Teams,38,Practice Squad,27,"6' 2""",200,0,5158921
MIA,Miami Dolphins,Aaron Brewer,Aaron,Brewer,C,Center,Offense,55,Active,28,"6' 1""",295,7,4040537
MIA,Miami Dolphins,Andrew Meyer,Andrew,Meyer,C,Center,Offense,60,Active,26,"6' 3""",295,3,4362064
MIA,Miami Dolphins,DJ Herman,DJ,Herman,FB,Fullback,Offense,34,Active,24,"6' 2""",235,0,4685116
MIA,Miami Dolphins,DJ Campbell,DJ,Campbell,G,Guard,Offense,63,Active,22,"6' 3""",321,0,5081977
MIA,Miami Dolphins,James Ester,James,Ester,G,Guard,Offense,65,Day-To-Day,25,"6' 3""",289,1,4429576
MIA,Miami Dolphins,Jonah Savaiinaea,Jonah,Savaiinaea,G,Guard,Offense,71,Active,22,"6' 5""",326,2,4819257
MIA,Miami Dolphins,Gottlieb Ayedze,Gottlieb,Ayedze,OT,Offensive Tackle,Offense,72,Practice Squad,26,"6' 4""",309,1,5145719
MIA,Miami Dolphins,Chukwuebuka Godrick,Chukwuebuka,Godrick,OT,Offensive Tackle,Offense,,Active,25,"6' 5""",293,1,5144457
MIA,Miami Dolphins,Austin Jackson,Austin,Jackson,OT,Offensive Tackle,Offense,73,Active,27,"6' 5""",310,7,4271632
MIA,Miami Dolphins,Jarrett Kingston,Jarrett,Kingston,OT,Offensive Tackle,Offense,,Active,26,"6' 4""",308,3,4373474
MIA,Miami Dolphins,Patrick Paul,Patrick,Paul,OT,Offensive Tackle,Offense,52,Active,24,"6' 7""",326,3,4567493
MIA,Miami Dolphins,Kadyn Proctor,Kadyn,Proctor,OT,Offensive Tackle,Offense,74,Active,21,"6' 7""",352,0,4870976
MIA,Miami Dolphins,Caedan Wallace,Caedan,Wallace,OT,Offensive Tackle,Offense,75,Active,26,"6' 5""",314,3,4426446
MIA,Miami Dolphins,Brady Cook,Brady,Cook,QB,Quarterback,Offense,,Active,24,"6' 2""",215,2,4429435
MIA,Miami Dolphins,Kyle McCord,Kyle,McCord,QB,Quarterback,Offense,,Active,23,"6' 3""",218,1,4433971
MIA,Miami Dolphins,Malik Willis,Malik,Willis,QB,Quarterback,Offense,2,Active,27,"6' 1""",225,5,4242512
MIA,Miami Dolphins,De'Von Achane,De'Von,Achane,RB,Running Back,Offense,28,Active,24,"5' 9""",191,4,4429160
MIA,Miami Dolphins,Ollie Gordon II,Ollie,Gordon II,RB,Running Back,Offense,0,Active,22,"6' 2""",225,2,4711533
MIA,Miami Dolphins,Jarquez Hunter,Jarquez,Hunter,RB,Running Back,Offense,31,Practice Squad,23,"5' 11""",211,2,4710341
MIA,Miami Dolphins,Carlos Washington Jr.,Carlos,Washington Jr.,RB,Running Back,Offense,37,Practice Squad,27,"5' 11""",210,1,4248425
MIA,Miami Dolphins,Jaylen Wright,Jaylen,Wright,RB,Running Back,Offense,5,Active,23,"5' 10""",208,3,4682745
MIA,Miami Dolphins,Greg Dulcich,Greg,Dulcich,TE,Tight End,Offense,85,Active,26,"6' 4""",245,5,4367209
MIA,Miami Dolphins,Justin Joly,Justin,Joly,TE,Tight End,Offense,,Active,22,"6' 3""",241,0,4912052
MIA,Miami Dolphins,Will Kacmarek,Will,Kacmarek,TE,Tight End,Offense,82,Active,23,"6' 6""",258,0,4880236
MIA,Miami Dolphins,Ben Sims,Ben,Sims,TE,Tight End,Offense,89,Day-To-Day,26,"6' 5""",250,4,4373030
MIA,Miami Dolphins,Seydou Traore,Seydou,Traore,TE,Tight End,Offense,49,Active,24,"6' 4""",235,0,4714379
MIA,Miami Dolphins,Cole Turner,Cole,Turner,TE,Tight End,Offense,87,Day-To-Day,26,"6' 6""",240,3,4361438
MIA,Miami Dolphins,Tre Watson,Tre,Watson,TE,Tight End,Offense,,Practice Squad,23,"6' 5""",250,1,4685784
MIA,Miami Dolphins,Chris Bell,Chris,Bell,WR,Wide Receiver,Offense,18,Active,22,"6' 2""",220,0,4869961
MIA,Miami Dolphins,Kevin Coleman Jr.,Kevin,Coleman Jr.,WR,Wide Receiver,Offense,83,Active,22,"5' 10""",180,0,4685307
MIA,Miami Dolphins,Caleb Douglas,Caleb,Douglas,WR,Wide Receiver,Offense,7,Active,22,"6' 4""",205,0,4869645
MIA,Miami Dolphins,Ryan Miller,Ryan,Miller,WR,Wide Receiver,Offense,84,Active,26,"6' 2""",221,3,4369466
MIA,Miami Dolphins,Jalen Reagor,Jalen,Reagor,WR,Wide Receiver,Offense,17,Practice Squad,27,"5' 11""",197,7,4241802
MIA,Miami Dolphins,Will Sheppard,Will,Sheppard,WR,Wide Receiver,Offense,,Practice Squad,24,"6' 3""",196,1,4608679
MIA,Miami Dolphins,Jalen Tolbert,Jalen,Tolbert,WR,Wide Receiver,Offense,1,Active,27,"6' 1""",195,5,4249417
MIA,Miami Dolphins,Malik Washington,Malik,Washington,WR,Wide Receiver,Offense,6,Active,25,"5' 8""",195,3,4569603
MIA,Miami Dolphins,Darrell Baker Jr.,Darrell,Baker Jr.,CB,Cornerback,Defense,22,Day-To-Day,28,"6' 1""",190,4,4036660
MIA,Miami Dolphins,Ethan Bonner,Ethan,Bonner,CB,Cornerback,Defense,27,Practice Squad,26,"6' 1""",190,3,4360746
MIA,Miami Dolphins,JuJu Brents,JuJu,Brents,CB,Cornerback,Defense,8,Active,26,"6' 3""",198,4,4360488
MIA,Miami Dolphins,Marcellas Dial Jr.,Marcellas,Dial Jr.,CB,Cornerback,Defense,,Active,25,"6' 0""",190,3,4875079
MIA,Miami Dolphins,Storm Duck,Storm,Duck,CB,Cornerback,Defense,29,Day-To-Day,25,"6' 0""",195,3,4427103
MIA,Miami Dolphins,Chris Johnson,Chris,Johnson,CB,Cornerback,Defense,3,Active,21,"6' 0""",193,0,4869579
MIA,Miami Dolphins,Jason Marshall Jr.,Jason,Marshall Jr.,CB,Cornerback,Defense,33,Active,23,"6' 0""",204,2,4432730
MIA,Miami Dolphins,Reese Taylor,Reese,Taylor,CB,Cornerback,Defense,,Active,27,"5' 9""",188,2,4371946
MIA,Miami Dolphins,Robert Beal Jr.,Robert,Beal Jr.,DE,Defensive End,Defense,51,Active,26,"6' 4""",250,4,4259558
MIA,Miami Dolphins,Clelin Ferrell,Clelin,Ferrell,DE,Defensive End,Defense,98,Practice Squad,29,"6' 4""",265,8,3728258
MIA,Miami Dolphins,Malik Herring,Malik,Herring,DE,Defensive End,Defense,90,Active,28,"6' 3""",280,6,4259547
MIA,Miami Dolphins,Max Llewellyn,Max,Llewellyn,DE,Defensive End,Defense,57,Practice Squad,24,"6' 5""",263,0,4683101
MIA,Miami Dolphins,Rodney McGraw,Rodney,McGraw,DE,Defensive End,Defense,59,Practice Squad,24,"6' 4""",264,0,4433974
MIA,Miami Dolphins,Zeek Biggers,Zeek,Biggers,DT,Defensive Tackle,Defense,93,Active,22,"6' 6""",319,2,4683276
MIA,Miami Dolphins,Keith Cooper Jr.,Keith,Cooper Jr.,DT,Defensive Tackle,Defense,97,Active,23,"6' 5""",280,1,4712462
MIA,Miami Dolphins,Kenneth Grant,Kenneth,Grant,DT,Defensive Tackle,Defense,78,Day-To-Day,22,"6' 3""",335,2,4894654
MIA,Miami Dolphins,Rene Konga,Rene,Konga,DT,Defensive Tackle,Defense,95,Day-To-Day,23,"6' 3""",298,0,4698109
MIA,Miami Dolphins,Jordan Miller,Jordan,Miller,DT,Defensive Tackle,Defense,,Practice Squad,26,"6' 3""",307,1,4362524
MIA,Miami Dolphins,Jordan Phillips,Jordan,Phillips,DT,Defensive Tackle,Defense,94,Active,22,"6' 3""",305,2,4837188
MIA,Miami Dolphins,Zach Sieler,Zach,Sieler,DT,Defensive Tackle,Defense,92,Active,30,"6' 6""",300,9,3057956
MIA,Miami Dolphins,Mazi Smith,Mazi,Smith,DT,Defensive Tackle,Defense,,Practice Squad,25,"6' 3""",337,5,4426347
MIA,Miami Dolphins,Liam Anderson,Liam,Anderson,LB,Linebacker,Defense,,Practice Squad,26,"6' 3""",230,2,4368056
MIA,Miami Dolphins,Jordyn Brooks,Jordyn,Brooks,LB,Linebacker,Defense,20,Active,28,"6' 0""",240,7,4043130
MIA,Miami Dolphins,Amari Gainer,Amari,Gainer,LB,Linebacker,Defense,,Practice Squad,26,"6' 3""",240,3,4360469
MIA,Miami Dolphins,Willie Gay Jr.,Willie,Gay Jr.,LB,Linebacker,Defense,40,Active,28,"6' 1""",246,7,4259804
MIA,Miami Dolphins,Ronnie Harrison Jr.,Ronnie,Harrison Jr.,LB,Linebacker,Defense,56,Active,29,"6' 2""",207,9,3859006
MIA,Miami Dolphins,Kyle Louis,Kyle,Louis,LB,Linebacker,Defense,19,Active,22,"6' 0""",220,0,4880273
MIA,Miami Dolphins,Trey Moore,Trey,Moore,LB,Linebacker,Defense,17,Day-To-Day,23,"6' 2""",243,0,4879212
MIA,Miami Dolphins,Chop Robinson,Chop,Robinson,LB,Linebacker,Defense,44,Active,23,"6' 3""",254,3,4431586
MIA,Miami Dolphins,Jacob Rodriguez,Jacob,Rodriguez,LB,Linebacker,Defense,10,Active,23,"6' 1""",235,0,4566094
MIA,Miami Dolphins,Josh Uche,Josh,Uche,LB,Linebacker,Defense,9,Active,27,"6' 3""",226,7,4046528
MIA,Miami Dolphins,Jackson Woodard,Jackson,Woodard,LB,Linebacker,Defense,42,Active,24,"6' 2""",230,1,4685637
MIA,Miami Dolphins,Zayne Anderson,Zayne,Anderson,S,Safety,Defense,23,Active,29,"6' 2""",206,4,3932335
MIA,Miami Dolphins,Major Burns,Major,Burns,S,Safety,Defense,43,Practice Squad,24,"6' 2""",207,1,4429036
MIA,Miami Dolphins,Jaylin Simpson,Jaylin,Simpson,S,Safety,Defense,,Practice Squad,26,"6' 0""",180,1,4567225
MIA,Miami Dolphins,Michael Taaffe,Michael,Taaffe,S,Safety,Defense,31,Active,23,"6' 0""",190,0,4880346
MIA,Miami Dolphins,Dante Trader Jr.,Dante,Trader Jr.,S,Safety,Defense,11,Active,23,"5' 11""",202,2,4431664
MIA,Miami Dolphins,Julius Wood,Julius,Wood,S,Safety,Defense,,Active,25,"6' 1""",193,2,4872841
MIA,Miami Dolphins,Tucker Addington,Tucker,Addington,LS,Long Snapper,Special Teams,46,Active,29,"6' 2""",230,2,4034729
MIA,Miami Dolphins,Bradley Pinion,Bradley,Pinion,P,Punter,Special Teams,48,Active,32,"6' 5""",265,12,2977680
MIA,Miami Dolphins,Riley Patterson,Riley,Patterson,PK,Place Kicker,Special Teams,47,Active,26,"6' 0""",190,6,4243371
MIN,Minnesota Vikings,Blake Brandel,Blake,Brandel,C,Center,Offense,64,Active,29,"6' 6""",315,6,3930270
MIN,Minnesota Vikings,Michael Jurgens,Michael,Jurgens,C,Center,Offense,65,Day-To-Day,26,"6' 5""",311,3,4362010
MIN,Minnesota Vikings,Nick Samac,Nick,Samac,C,Center,Offense,,Active,25,"6' 4""",314,3,4428421
MIN,Minnesota Vikings,Max Bredeson,Max,Bredeson,FB,Fullback,Offense,45,Active,23,"6' 2""",252,0,4878695
MIN,Minnesota Vikings,Henry Byrd,Henry,Byrd,G,Guard,Offense,68,Practice Squad,27,"6' 5""",314,1,4367995
MIN,Minnesota Vikings,Will Fries,Will,Fries,G,Guard,Offense,76,Active,28,"6' 6""",321,6,4045176
MIN,Minnesota Vikings,Joe Huber,Joe,Huber,G,Guard,Offense,60,Active,24,"6' 5""",310,2,4690210
MIN,Minnesota Vikings,Donovan Jackson,Donovan,Jackson,G,Guard,Offense,74,Active,23,"6' 4""",324,2,4431553
MIN,Minnesota Vikings,Trevor Keegan,Trevor,Keegan,G,Guard,Offense,,Active,26,"6' 6""",320,3,4427140
MIN,Minnesota Vikings,Christian Darrisaw,Christian,Darrisaw,OT,Offensive Tackle,Offense,71,Active,27,"6' 5""",315,6,4361985
MIN,Minnesota Vikings,Jack Nelson,Jack,Nelson,OT,Offensive Tackle,Offense,,Practice Squad,24,"6' 7""",314,2,4693369
MIN,Minnesota Vikings,Brian O'Neill,Brian,O'Neill,OT,Offensive Tackle,Offense,75,Active,30,"6' 7""",310,9,3123954
MIN,Minnesota Vikings,Caleb Tiernan,Caleb,Tiernan,OT,Offensive Tackle,Offense,78,Active,23,"6' 7""",323,0,4592836
MIN,Minnesota Vikings,Ryan Van Demark,Ryan,Van Demark,OT,Offensive Tackle,Offense,72,Active,28,"6' 7""",307,4,4239140
MIN,Minnesota Vikings,Max Brosmer,Max,Brosmer,QB,Quarterback,Offense,12,Practice Squad,25,"6' 2""",218,2,4573398
MIN,Minnesota Vikings,J.J. McCarthy,J.J.,McCarthy,QB,Quarterback,Offense,9,Active,23,"6' 3""",219,3,4433970
MIN,Minnesota Vikings,Kyler Murray,Kyler,Murray,QB,Quarterback,Offense,1,Active,29,"5' 10""",207,8,3917315
MIN,Minnesota Vikings,Carson Wentz,Carson,Wentz,QB,Quarterback,Offense,11,Active,33,"6' 5""",237,11,2573079
MIN,Minnesota Vikings,Demond Claiborne,Demond,Claiborne,RB,Running Back,Offense,21,Active,22,"5' 10""",188,0,4832846
MIN,Minnesota Vikings,DeeJay Dallas,DeeJay,Dallas,RB,Running Back,Offense,,Practice Squad,27,"5' 10""",225,7,4240631
MIN,Minnesota Vikings,Jermar Jefferson,Jermar,Jefferson,RB,Running Back,Offense,17,Day-To-Day,26,"5' 10""",215,5,4374033
MIN,Minnesota Vikings,Aaron Jones Sr.,Aaron,Jones Sr.,RB,Running Back,Offense,33,Active,31,"5' 10""",208,10,3042519
MIN,Minnesota Vikings,Jordan Mason,Jordan,Mason,RB,Running Back,Offense,27,Active,27,"5' 11""",230,5,4360569
MIN,Minnesota Vikings,Gavin Bartholomew,Gavin,Bartholomew,TE,Tight End,Offense,86,Active,23,"6' 5""",249,2,4708049
MIN,Minnesota Vikings,Cam Grandy,Cam,Grandy,TE,Tight End,Offense,,Practice Squad,26,"6' 5""",253,4,4700712
MIN,Minnesota Vikings,T.J. Hockenson,T.J.,Hockenson,TE,Tight End,Offense,87,Active,29,"6' 5""",248,8,4036133
MIN,Minnesota Vikings,Josh Oliver,Josh,Oliver,TE,Tight End,Offense,84,Active,29,"6' 5""",264,8,3921690
MIN,Minnesota Vikings,Ben Yurosek,Ben,Yurosek,TE,Tight End,Offense,85,Active,24,"6' 4""",251,2,4433959
MIN,Minnesota Vikings,Jordan Addison,Jordan,Addison,WR,Wide Receiver,Offense,3,Active,24,"5' 11""",179,4,4429205
MIN,Minnesota Vikings,Dillon Bell,Dillon,Bell,WR,Wide Receiver,Offense,89,Practice Squad,22,"6' 0""",209,0,4712579
MIN,Minnesota Vikings,Michael Briscoe,Michael,Briscoe,WR,Wide Receiver,Offense,46,Practice Squad,24,"6' 2""",209,0,4688418
MIN,Minnesota Vikings,Tai Felton,Tai,Felton,WR,Wide Receiver,Offense,13,Active,23,"6' 1""",186,2,4565185
MIN,Minnesota Vikings,Justin Jefferson,Justin,Jefferson,WR,Wide Receiver,Offense,18,Active,27,"6' 1""",195,7,4262921
MIN,Minnesota Vikings,Jauan Jennings,Jauan,Jennings,WR,Wide Receiver,Offense,14,Active,29,"6' 3""",212,6,3886598
MIN,Minnesota Vikings,Jeshaun Jones,Jeshaun,Jones,WR,Wide Receiver,Offense,82,News,26,"6' 1""",188,1,4360637
MIN,Minnesota Vikings,Myles Price,Myles,Price,WR,Wide Receiver,Offense,4,Active,24,"5' 9""",183,2,4430656
MIN,Minnesota Vikings,Trayvon Rudolph,Trayvon,Rudolph,WR,Wide Receiver,Offense,30,Practice Squad,24,"5' 10""",187,0,4433906
MIN,Minnesota Vikings,Marcus Allen,Marcus,Allen,CB,Cornerback,Defense,29,Day-To-Day,22,"6' 1""",197,0,5081412
MIN,Minnesota Vikings,Da'Veawn Armstead,Da'Veawn,Armstead,CB,Cornerback,Defense,38,Practice Squad,23,"6' 1""",183,0,4705513
MIN,Minnesota Vikings,Charles Demmings,Charles,Demmings,CB,Cornerback,Defense,20,Active,23,"6' 1""",193,0,5091793
MIN,Minnesota Vikings,Dwight McGlothern Jr.,Dwight,McGlothern Jr.,CB,Cornerback,Defense,6,Day-To-Day,24,"6' 2""",185,3,4429128
MIN,Minnesota Vikings,Byron Murphy Jr.,Byron,Murphy Jr.,CB,Cornerback,Defense,7,Active,28,"5' 11""",190,8,4038999
MIN,Minnesota Vikings,Bryce Phillips,Bryce,Phillips,CB,Cornerback,Defense,40,Practice Squad,23,"6' 0""",195,0,5084574
MIN,Minnesota Vikings,James Pierre,James,Pierre,CB,Cornerback,Defense,23,Active,29,"6' 2""",185,7,4259252
MIN,Minnesota Vikings,Isaiah Rodgers,Isaiah,Rodgers,CB,Cornerback,Defense,2,Active,28,"5' 10""",180,6,4044540
MIN,Minnesota Vikings,Zemaiah Vaughn,Zemaiah,Vaughn,CB,Cornerback,Defense,34,Active,24,"6' 3""",180,1,4695609
MIN,Minnesota Vikings,Tyrion Ingram-Dawkins,Tyrion,Ingram-Dawkins,DE,Defensive End,Defense,90,Active,23,"6' 5""",290,2,4629149
MIN,Minnesota Vikings,Jahvaree Ritzie,Jahvaree,Ritzie,DE,Defensive End,Defense,96,Practice Squad,23,"6' 4""",290,1,4431584
MIN,Minnesota Vikings,Elijah Williams,Elijah,Williams,DE,Defensive End,Defense,99,Active,23,"6' 3""",298,2,4696782
MIN,Minnesota Vikings,Caleb Banks,Caleb,Banks,DT,Defensive Tackle,Defense,95,Active,23,"6' 6""",327,0,4602019
MIN,Minnesota Vikings,Naquan Jones,Naquan,Jones,DT,Defensive Tackle,Defense,,Practice Squad,28,"6' 3""",313,7,4046716
MIN,Minnesota Vikings,Domonique Orange,Domonique,Orange,DT,Defensive Tackle,Defense,97,Active,22,"6' 2""",322,0,4698728
MIN,Minnesota Vikings,Jalen Redmond,Jalen,Redmond,DT,Defensive Tackle,Defense,61,Active,27,"6' 3""",305,3,4360277
MIN,Minnesota Vikings,Levi Drake Rodriguez,Levi Drake,Rodriguez,DT,Defensive Tackle,Defense,50,Active,26,"6' 2""",307,3,5093973
MIN,Minnesota Vikings,Jamal Adams,Jamal,Adams,LB,Linebacker,Defense,32,Day-To-Day,30,"6' 1""",213,10,3115373
MIN,Minnesota Vikings,Tyler Batty,Tyler,Batty,LB,Linebacker,Defense,92,Day-To-Day,27,"6' 6""",271,2,4608794
MIN,Minnesota Vikings,Blake Cashman,Blake,Cashman,LB,Linebacker,Defense,51,Active,30,"6' 1""",235,8,3728281
MIN,Minnesota Vikings,Chaz Chambliss,Chaz,Chambliss,LB,Linebacker,Defense,40,Active,23,"6' 1""",244,2,4431520
MIN,Minnesota Vikings,Jake Golday,Jake,Golday,LB,Linebacker,Defense,41,Active,23,"6' 4""",240,0,4877652
MIN,Minnesota Vikings,Bangally Kamara,Bangally,Kamara,LB,Linebacker,Defense,59,Practice Squad,24,"6' 2""",235,0,4432325
MIN,Minnesota Vikings,Ivan Pace Jr.,Ivan,Pace Jr.,LB,Linebacker,Defense,0,Active,25,"5' 10""",236,4,4430280
MIN,Minnesota Vikings,Bo Richter,Bo,Richter,LB,Linebacker,Defense,98,Active,26,"6' 1""",248,3,4875564
MIN,Minnesota Vikings,Dallas Turner,Dallas,Turner,LB,Linebacker,Defense,15,Active,23,"6' 3""",247,3,4565190
MIN,Minnesota Vikings,Andrew Van Ginkel,Andrew,Van Ginkel,LB,Linebacker,Defense,43,Active,31,"6' 4""",242,8,3133487
MIN,Minnesota Vikings,Kyle Van Noy,Kyle,Van Noy,LB,Linebacker,Defense,,Practice Squad,35,"6' 3""",255,13,16772
MIN,Minnesota Vikings,Eric Wilson,Eric,Wilson,LB,Linebacker,Defense,55,Active,31,"6' 1""",231,10,3056916
MIN,Minnesota Vikings,Kahlef Hailassie,Kahlef,Hailassie,S,Safety,Defense,25,Practice Squad,25,"6' 1""",195,4,4373814
MIN,Minnesota Vikings,Theo Jackson,Theo,Jackson,S,Safety,Defense,26,Active,27,"6' 1""",205,5,4242436
MIN,Minnesota Vikings,Joshua Metellus,Joshua,Metellus,S,Safety,Defense,44,Active,28,"5' 11""",208,7,4046537
MIN,Minnesota Vikings,Harrison Smith,Harrison,Smith,S,Safety,Defense,22,Active,37,"6' 2""",211,14,14945
MIN,Minnesota Vikings,Jacob Thomas,Jacob,Thomas,S,Safety,Defense,39,Active,22,"6' 1""",212,0,5082397
MIN,Minnesota Vikings,Jakobe Thomas,Jakobe,Thomas,S,Safety,Defense,8,Active,23,"6' 1""",211,0,4710865
MIN,Minnesota Vikings,Tavierre Thomas,Tavierre,Thomas,S,Safety,Defense,37,Practice Squad,30,"5' 10""",212,9,4334405
MIN,Minnesota Vikings,Jay Ward,Jay,Ward,S,Safety,Defense,24,Active,26,"6' 1""",190,4,4568007
MIN,Minnesota Vikings,Andrew DePaola,Andrew,DePaola,LS,Long Snapper,Special Teams,42,Active,39,"6' 1""",227,12,15726
MIN,Minnesota Vikings,Brett Thorson,Brett,Thorson,P,Punter,Special Teams,47,Active,26,"6' 1""",237,0,4799994
MIN,Minnesota Vikings,Will Reichard,Will,Reichard,PK,Place Kicker,Special Teams,16,Active,25,"6' 1""",190,3,4567104
NE,New England Patriots,Ben Brown,Ben,Brown,C,Center,Offense,77,Active,28,"6' 5""",313,4,4362890
NE,New England Patriots,Jared Wilson,Jared,Wilson,C,Center,Offense,55,Active,23,"6' 3""",310,2,4599198
NE,New England Patriots,Reggie Gilliam,Reggie,Gilliam,FB,Fullback,Offense,44,Active,29,"6' 1""",255,7,4039505
NE,New England Patriots,Jake Kubas,Jake,Kubas,G,Guard,Offense,,Practice Squad,26,"6' 4""",308,,4383405
NE,New England Patriots,Mike Onwenu,Mike,Onwenu,G,Guard,Offense,71,Active,28,"6' 3""",350,7,4046545
NE,New England Patriots,Greg Van Roten,Greg,Van Roten,G,Guard,Offense,70,Active,36,"6' 3""",305,12,15718
NE,New England Patriots,Alijah Vera-Tucker,Alijah,Vera-Tucker,G,Guard,Offense,75,Active,27,"6' 4""",308,6,4259646
NE,New England Patriots,Walter Rouse,Walter,Rouse,OL,Offensive Lineman,Offense,73,Active,25,"6' 6""",330,3,4428394
NE,New England Patriots,Marcus Bryant,Marcus,Bryant,OT,Offensive Tackle,Offense,52,Day-To-Day,24,"6' 7""",320,2,4565293
NE,New England Patriots,Will Campbell,Will,Campbell,OT,Offensive Tackle,Offense,66,Active,22,"6' 6""",319,2,4685298
NE,New England Patriots,Dametrious Crownover,Dametrious,Crownover,OT,Offensive Tackle,Offense,68,Active,24,"6' 7""",319,0,4431526
NE,New England Patriots,Caleb Lomu,Caleb,Lomu,OT,Offensive Tackle,Offense,74,Active,21,"6' 6""",313,0,4921438
NE,New England Patriots,Lorenz Metz,Lorenz,Metz,OT,Offensive Tackle,Offense,72,Practice Squad,29,"6' 9""",320,1,4360063
NE,New England Patriots,Morgan Moses,Morgan,Moses,OT,Offensive Tackle,Offense,76,Active,35,"6' 6""",320,13,16771
NE,New England Patriots,Jacob Rizy,Jacob,Rizy,OT,Offensive Tackle,Offense,64,Practice Squad,24,"6' 5""",306,0,4695758
NE,New England Patriots,Tommy DeVito,Tommy,DeVito,QB,Quarterback,Offense,16,Active,28,"6' 2""",210,4,4240391
NE,New England Patriots,Drake Maye,Drake,Maye,QB,Quarterback,Offense,10,Active,24,"6' 4""",225,3,4431452
NE,New England Patriots,Behren Morton,Behren,Morton,QB,Quarterback,Offense,15,Active,24,"6' 2""",218,0,4431465
NE,New England Patriots,Hassan Haskins,Hassan,Haskins,RB,Running Back,Offense,26,Practice Squad,26,"6' 2""",228,4,4372071
NE,New England Patriots,TreVeyon Henderson,TreVeyon,Henderson,RB,Running Back,Offense,32,Active,23,"5' 10""",202,2,4432710
NE,New England Patriots,Corey Kiner,Corey,Kiner,RB,Running Back,Offense,,Active,24,"5' 9""",209,2,4431431
NE,New England Patriots,Lan Larison,Lan,Larison,RB,Running Back,Offense,34,Practice Squad,24,"5' 11""",209,2,4698253
NE,New England Patriots,Myles Montgomery,Myles,Montgomery,RB,Running Back,Offense,39,Day-To-Day,23,"5' 11""",205,0,4676889
NE,New England Patriots,Rhamondre Stevenson,Rhamondre,Stevenson,RB,Running Back,Offense,38,Active,28,"6' 0""",227,6,4569173
NE,New England Patriots,Tanner Arkin,Tanner,Arkin,TE,Tight End,Offense,84,Active,23,"6' 4""",262,0,4683308
NE,New England Patriots,Hunter Henry,Hunter,Henry,TE,Tight End,Offense,85,Active,31,"6' 5""",249,11,3046439
NE,New England Patriots,Julian Hill,Julian,Hill,TE,Tight End,Offense,80,Day-To-Day,26,"6' 4""",251,4,4365395
NE,New England Patriots,Cameron Latu,Cameron,Latu,TE,Tight End,Offense,,Active,26,"6' 5""",244,3,4372026
NE,New England Patriots,Eli Raridon,Eli,Raridon,TE,Tight End,Offense,82,Active,22,"6' 6""",245,0,4831959
NE,New England Patriots,Shane Zylstra,Shane,Zylstra,TE,Tight End,Offense,80,Practice Squad,29,"6' 3""",245,5,4608362
NE,New England Patriots,A.J. Brown,A.J.,Brown,WR,Wide Receiver,Offense,1,Active,29,"6' 1""",226,8,4047646
NE,New England Patriots,Efton Chism III,Efton,Chism III,WR,Wide Receiver,Offense,86,Active,24,"5' 10""",198,2,4695193
NE,New England Patriots,Kyle Dixon,Kyle,Dixon,WR,Wide Receiver,Offense,83,Practice Squad,25,"6' 2""",220,0,5011554
NE,New England Patriots,Cameron Dorner,Cameron,Dorner,WR,Wide Receiver,Offense,88,Practice Squad,22,"6' 1""",188,0,5295981
NE,New England Patriots,Romeo Doubs,Romeo,Doubs,WR,Wide Receiver,Offense,87,Active,26,"6' 2""",210,5,4361432
NE,New England Patriots,DeMario Douglas,DeMario,Douglas,WR,Wide Receiver,Offense,3,Active,25,"5' 8""",185,4,4427095
NE,New England Patriots,Mack Hollins,Mack,Hollins,WR,Wide Receiver,Offense,13,Active,32,"6' 4""",221,10,2991662
NE,New England Patriots,Jalen Hurd,Jalen,Hurd,WR,Wide Receiver,Offense,13,Active,30,"6' 5""",230,4,3115328
NE,New England Patriots,Jeremiah Webb,Jeremiah,Webb,WR,Wide Receiver,Offense,29,Day-To-Day,25,"5' 11""",198,1,4572655
NE,New England Patriots,Kyle Williams,Kyle,Williams,WR,Wide Receiver,Offense,18,Active,23,"5' 11""",190,2,4613202
NE,New England Patriots,Channing Canada,Channing,Canada,CB,Cornerback,Defense,29,Active,24,"5' 11""",190,0,4688779
NE,New England Patriots,Carlton Davis III,Carlton,Davis III,CB,Cornerback,Defense,7,Active,29,"6' 1""",200,8,3916923
NE,New England Patriots,Christian Gonzalez,Christian,Gonzalez,CB,Cornerback,Defense,0,Active,24,"6' 1""",205,4,4686772
NE,New England Patriots,Marcus Jones,Marcus,Jones,CB,Cornerback,Defense,25,Active,27,"5' 8""",188,5,4241720
NE,New England Patriots,Karon Prunty,Karon,Prunty,CB,Cornerback,Defense,21,Active,24,"6' 1""",192,0,4606666
NE,New England Patriots,Kindle Vildor,Kindle,Vildor,CB,Cornerback,Defense,28,Practice Squad,28,"5' 11""",190,7,4036651
NE,New England Patriots,Charles Woods,Charles,Woods,CB,Cornerback,Defense,22,Active,26,"5' 11""",185,3,4368113
NE,New England Patriots,Dre'Mont Jones,Dre'Mont,Jones,DE,Defensive End,Defense,5,Active,29,"6' 3""",268,8,3915525
NE,New England Patriots,Christian Barmore,Christian,Barmore,DT,Defensive Tackle,Defense,90,Active,27,"6' 5""",315,6,4372030
NE,New England Patriots,Cory Durden,Cory,Durden,DT,Defensive Tackle,Defense,94,Active,27,"6' 4""",305,2,4240042
NE,New England Patriots,Joshua Farmer,Joshua,Farmer,DT,Defensive Tackle,Defense,92,Active,23,"6' 3""",312,2,4611993
NE,New England Patriots,Eric Gregory,Eric,Gregory,DT,Defensive Tackle,Defense,95,Practice Squad,25,"6' 3""",319,2,4567171
NE,New England Patriots,Isaiah Iton,Isaiah,Iton,DT,Defensive Tackle,Defense,62,Day-To-Day,25,"6' 3""",300,2,4570970
NE,New England Patriots,Jeremiah Pharms Jr.,Jeremiah,Pharms Jr.,DT,Defensive Tackle,Defense,98,Practice Squad,29,"6' 2""",300,3,5081728
NE,New England Patriots,Leonard Taylor III,Leonard,Taylor III,DT,Defensive Tackle,Defense,93,Active,24,"6' 3""",305,3,4431598
NE,New England Patriots,Milton Williams,Milton,Williams,DT,Defensive Tackle,Defense,97,Active,27,"6' 3""",290,6,4239699
NE,New England Patriots,K.J. Britt,K.J.,Britt,LB,Linebacker,Defense,35,Practice Squad,27,"6' 0""",240,6,4242521
NE,New England Patriots,Christian Elliss,Christian,Elliss,LB,Linebacker,Defense,53,Active,27,"6' 2""",231,5,4245273
NE,New England Patriots,Erick Hunter,Erick,Hunter,LB,Linebacker,Defense,,Active,23,"6' 2""",224,0,4890074
NE,New England Patriots,Quintayvious Hutchins,Quintayvious,Hutchins,LB,Linebacker,Defense,45,Active,23,"6' 3""",245,0,4698181
NE,New England Patriots,Gabe Jacas,Gabe,Jacas,LB,Linebacker,Defense,50,Active,22,"6' 4""",261,0,4837244
NE,New England Patriots,Khalil Jacobs,Khalil,Jacobs,LB,Linebacker,Defense,59,Day-To-Day,22,"6' 1""",227,0,4912116
NE,New England Patriots,Harold Landry III,Harold,Landry III,LB,Linebacker,Defense,2,Day-To-Day,30,"6' 2""",252,9,3122793
NE,New England Patriots,Darius Muasau,Darius,Muasau,LB,Linebacker,Defense,,Active,25,"6' 0""",234,3,4428072
NE,New England Patriots,Namdi Obiazor,Namdi,Obiazor,LB,Linebacker,Defense,48,Active,24,"6' 3""",229,0,5085407
NE,New England Patriots,Elijah Ponder,Elijah,Ponder,LB,Linebacker,Defense,91,Active,24,"6' 3""",261,2,4688432
NE,New England Patriots,Jose Ramirez,Jose,Ramirez,LB,Linebacker,Defense,,Practice Squad,27,"6' 2""",252,1,4569068
NE,New England Patriots,Robert Spillane,Robert,Spillane,LB,Linebacker,Defense,14,Active,30,"6' 1""",234,8,3129446
NE,New England Patriots,Riley Wilson,Riley,Wilson,LB,Linebacker,Defense,51,Practice Squad,24,"6' 1""",226,0,4613029
NE,New England Patriots,Kevin Byard,Kevin,Byard,S,Safety,Defense,31,Active,33,"5' 11""",212,11,2574056
NE,New England Patriots,Elliott Davison,Elliott,Davison,S,Safety,Defense,,Practice Squad,24,"6' 0""",190,1,4688366
NE,New England Patriots,Dell Pettus,Dell,Pettus,S,Safety,Defense,24,Active,25,"5' 11""",200,3,4428232
NE,New England Patriots,Jaylen Reed,Jaylen,Reed,S,Safety,Defense,26,Active,23,"6' 0""",212,2,4432758
NE,New England Patriots,Brenden Schooler,Brenden,Schooler,S,Safety,Defense,41,Day-To-Day,29,"6' 2""",210,5,4047941
NE,New England Patriots,Craig Woodson,Craig,Woodson,S,Safety,Defense,4,Active,25,"6' 0""",200,2,4428930
NE,New England Patriots,Julian Ashby,Julian,Ashby,LS,Long Snapper,Special Teams,47,Active,24,"6' 1""",231,2,4695254
NE,New England Patriots,Bryce Baringer,Bryce,Baringer,P,Punter,Special Teams,17,Day-To-Day,27,"6' 2""",215,4,4240545
NE,New England Patriots,Mitch Wishnowsky,Mitch,Wishnowsky,P,Punter,Special Teams,,Practice Squad,34,"6' 2""",220,8,4035685
NE,New England Patriots,Andy Borregales,Andy,Borregales,PK,Place Kicker,Special Teams,36,Active,23,"5' 11""",202,2,4569923
NO,New Orleans Saints,Erik McCoy,Erik,McCoy,C,Center,Offense,78,Active,29,"6' 4""",303,8,3917331
NO,New Orleans Saints,David Edwards,David,Edwards,G,Guard,Offense,76,Active,29,"6' 6""",308,8,3917660
NO,New Orleans Saints,Dillon Radunz,Dillon,Radunz,G,Guard,Offense,77,Day-To-Day,28,"6' 6""",301,6,4040945
NO,New Orleans Saints,Cesar Ruiz,Cesar,Ruiz,G,Guard,Offense,51,Active,27,"6' 4""",316,7,4258199
NO,New Orleans Saints,William Sherman,William,Sherman,G,Guard,Offense,66,Active,27,"6' 4""",300,2,4243186
NO,New Orleans Saints,Jeremiah Wright,Jeremiah,Wright,G,Guard,Offense,65,Active,24,"6' 5""",331,0,4433938
NO,New Orleans Saints,Kelvin Banks Jr.,Kelvin,Banks Jr.,OT,Offensive Tackle,Offense,71,Active,22,"6' 5""",315,2,4685260
NO,New Orleans Saints,Taliese Fuaga,Taliese,Fuaga,OT,Offensive Tackle,Offense,75,Active,24,"6' 6""",324,3,4606711
NO,New Orleans Saints,Alan Herron,Alan,Herron,OT,Offensive Tackle,Offense,70,Practice Squad,23,"6' 3""",308,0,5164879
NO,New Orleans Saints,Easton Kilty,Easton,Kilty,OT,Offensive Tackle,Offense,73,Practice Squad,24,"6' 6""",307,1,4696488
NO,New Orleans Saints,Mason Murphy,Mason,Murphy,OT,Offensive Tackle,Offense,,Active,24,"6' 5""",315,0,4682479
NO,New Orleans Saints,Asim Richards,Asim,Richards,OT,Offensive Tackle,Offense,72,Active,25,"6' 4""",307,4,4430379
NO,New Orleans Saints,Nick Saldiveri,Nick,Saldiveri,OT,Offensive Tackle,Offense,64,Day-To-Day,26,"6' 6""",316,4,4361600
NO,New Orleans Saints,Alex Wollschlaeger,Alex,Wollschlaeger,OT,Offensive Tackle,Offense,79,Practice Squad,24,"6' 7""",310,0,4433930
NO,New Orleans Saints,Spencer Rattler,Spencer,Rattler,QB,Quarterback,Offense,2,Active,25,"6' 0""",211,3,4426339
NO,New Orleans Saints,Tyler Shough,Tyler,Shough,QB,Quarterback,Offense,6,Active,26,"6' 5""",219,2,4360689
NO,New Orleans Saints,Zach Wilson,Zach,Wilson,QB,Quarterback,Offense,4,Active,27,"6' 2""",214,6,4361259
NO,New Orleans Saints,Ty Chandler,Ty,Chandler,RB,Running Back,Offense,32,Day-To-Day,28,"5' 11""",205,5,4242431
NO,New Orleans Saints,CJ Donaldson,CJ,Donaldson,RB,Running Back,Offense,43,Practice Squad,22,"6' 1""",230,0,5081999
NO,New Orleans Saints,Audric Estime,Audric,Estime,RB,Running Back,Offense,30,Active,22,"5' 11""",227,3,4569682
NO,New Orleans Saints,Travis Etienne Jr.,Travis,Etienne Jr.,RB,Running Back,Offense,3,Active,27,"5' 10""",215,6,4239996
NO,New Orleans Saints,Alvin Kamara,Alvin,Kamara,RB,Running Back,Offense,41,Active,31,"5' 10""",215,10,3054850
NO,New Orleans Saints,Kendre Miller,Kendre,Miller,RB,Running Back,Offense,5,Active,24,"6' 0""",220,4,4599739
NO,New Orleans Saints,Zamir White,Zamir,White,RB,Running Back,Offense,33,Practice Squad,26,"6' 0""",227,5,4361777
NO,New Orleans Saints,Oscar Delp,Oscar,Delp,TE,Tight End,Offense,88,Active,23,"6' 4""",245,0,4702559
NO,New Orleans Saints,Noah Fant,Noah,Fant,TE,Tight End,Offense,87,Active,28,"6' 4""",249,8,4036131
NO,New Orleans Saints,Juwan Johnson,Juwan,Johnson,TE,Tight End,Offense,83,Active,29,"6' 4""",231,7,3929645
NO,New Orleans Saints,Moliki Matavao,Moliki,Matavao,TE,Tight End,Offense,80,Day-To-Day,23,"6' 6""",263,2,4432731
NO,New Orleans Saints,Stone Smartt,Stone,Smartt,TE,Tight End,Offense,,Practice Squad,27,"6' 4""",226,5,4250764
NO,New Orleans Saints,Treyton Welch,Treyton,Welch,TE,Tight End,Offense,82,Practice Squad,25,"6' 4""",240,1,4430684
NO,New Orleans Saints,Kevin Austin Jr.,Kevin,Austin Jr.,WR,Wide Receiver,Offense,81,Practice Squad,26,"6' 2""",200,3,4372758
NO,New Orleans Saints,Barion Brown,Barion,Brown,WR,Wide Receiver,Offense,19,Active,22,"5' 11""",177,0,4698597
NO,New Orleans Saints,Bryce Lance,Bryce,Lance,WR,Wide Receiver,Offense,18,Active,24,"6' 3""",204,0,4879276
NO,New Orleans Saints,Jalen Moreno-Cropper,Jalen,Moreno-Cropper,WR,Wide Receiver,Offense,85,Practice Squad,25,"6' 0""",172,1,4426990
NO,New Orleans Saints,Chris Olave,Chris,Olave,WR,Wide Receiver,Offense,12,Active,26,"6' 0""",187,5,4361370
NO,New Orleans Saints,Trey Palmer,Trey,Palmer,WR,Wide Receiver,Offense,10,Practice Squad,25,"6' 1""",190,4,4426407
NO,New Orleans Saints,Brock Rechsteiner,Brock,Rechsteiner,WR,Wide Receiver,Offense,89,News,24,"6' 2""",225,0,4877738
NO,New Orleans Saints,Cedric Tillman,Cedric,Tillman,WR,Wide Receiver,Offense,,Practice Squad,26,"6' 3""",215,5,4369863
NO,New Orleans Saints,Mason Tipton,Mason,Tipton,WR,Wide Receiver,Offense,15,Day-To-Day,25,"5' 11""",187,3,4573697
NO,New Orleans Saints,Jordyn Tyson,Jordyn,Tyson,WR,Wide Receiver,Offense,0,Day-To-Day,22,"6' 2""",203,0,4880281
NO,New Orleans Saints,Devaughn Vele,Devaughn,Vele,WR,Wide Receiver,Offense,14,Active,28,"6' 5""",210,3,4569559
NO,New Orleans Saints,Martin Emerson Jr.,Martin,Emerson Jr.,CB,Cornerback,Defense,22,Active,25,"6' 2""",201,5,4429568
NO,New Orleans Saints,TJ Hall Jr.,TJ,Hall Jr.,CB,Cornerback,Defense,34,Practice Squad,22,"6' 0""",189,0,4873075
NO,New Orleans Saints,David Long Jr.,David,Long Jr.,CB,Cornerback,Defense,45,Day-To-Day,28,"5' 11""",196,7,4046536
NO,New Orleans Saints,Kool-Aid McKinstry,Kool-Aid,McKinstry,CB,Cornerback,Defense,1,Active,23,"5' 11""",199,3,4433975
NO,New Orleans Saints,Jayden Price,Jayden,Price,CB,Cornerback,Defense,38,Active,26,"5' 11""",185,1,4383391
NO,New Orleans Saints,Mike Reid,Mike,Reid,CB,Cornerback,Defense,42,Active,24,"6' 2""",200,1,4775268
NO,New Orleans Saints,Decamerion Richardson,Decamerion,Richardson,CB,Cornerback,Defense,,Active,25,"6' 2""",192,4,4605498
NO,New Orleans Saints,Quincy Riley,Quincy,Riley,CB,Cornerback,Defense,29,Active,25,"5' 11""",195,2,4428350
NO,New Orleans Saints,Rejzohn Wright,Rejzohn,Wright,CB,Cornerback,Defense,25,Day-To-Day,26,"6' 2""",193,3,4696043
NO,New Orleans Saints,Fadil Diggs,Fadil,Diggs,DE,Defensive End,Defense,40,Practice Squad,24,"6' 4""",257,1,4429073
NO,New Orleans Saints,Carl Granderson,Carl,Granderson,DE,Defensive End,Defense,96,Active,29,"6' 5""",261,8,3918310
NO,New Orleans Saints,Cameron Jordan,Cameron,Jordan,DE,Defensive End,Defense,94,Active,37,"6' 4""",287,16,13971
NO,New Orleans Saints,Chris Rumph II,Chris,Rumph II,DE,Defensive End,Defense,58,Active,27,"6' 2""",244,6,4240475
NO,New Orleans Saints,Tyree Wilson,Tyree,Wilson,DE,Defensive End,Defense,98,Active,26,"6' 5""",263,4,4372533
NO,New Orleans Saints,Chase Young,Chase,Young,DE,Defensive End,Defense,99,Active,27,"6' 5""",265,7,4241986
NO,New Orleans Saints,Khristian Boyd,Khristian,Boyd,DT,Defensive Tackle,Defense,97,Active,26,"6' 2""",320,3,4384595
NO,New Orleans Saints,Bryan Bresee,Bryan,Bresee,DT,Defensive Tackle,Defense,90,Day-To-Day,24,"6' 5""",305,4,4428988
NO,New Orleans Saints,Vernon Broughton,Vernon,Broughton,DT,Defensive Tackle,Defense,91,Active,25,"6' 5""",311,2,4429040
NO,New Orleans Saints,Davon Godchaux,Davon,Godchaux,DT,Defensive Tackle,Defense,92,Active,31,"6' 3""",330,10,3115383
NO,New Orleans Saints,Christen Miller,Christen,Miller,DT,Defensive Tackle,Defense,52,Active,22,"6' 3""",321,0,4685479
NO,New Orleans Saints,John Ridgeway III,John,Ridgeway III,DT,Defensive Tackle,Defense,95,Active,27,"6' 5""",321,5,4248047
NO,New Orleans Saints,Nathan Shepherd,Nathan,Shepherd,DT,Defensive Tackle,Defense,93,Active,32,"6' 4""",315,9,4076951
NO,New Orleans Saints,Jay'viar Suggs,Jay'viar,Suggs,DT,Defensive Tackle,Defense,62,Practice Squad,25,"6' 3""",299,0,5213029
NO,New Orleans Saints,Colby Wooden,Colby,Wooden,DT,Defensive Tackle,Defense,,Active,25,"6' 4""",273,4,4567224
NO,New Orleans Saints,Kaden Elliss,Kaden,Elliss,LB,Linebacker,Defense,55,Active,31,"6' 2""",238,8,3124890
NO,New Orleans Saints,Jaylan Ford,Jaylan,Ford,LB,Linebacker,Defense,53,Day-To-Day,24,"6' 2""",240,3,4566088
NO,New Orleans Saints,Anfernee Jennings,Anfernee,Jennings,LB,Linebacker,Defense,54,Active,29,"6' 2""",255,7,3925350
NO,New Orleans Saints,Jackson Sirmon,Jackson,Sirmon,LB,Linebacker,Defense,47,Practice Squad,26,"6' 2""",240,1,4361101
NO,New Orleans Saints,Isaiah Stalbird,Isaiah,Stalbird,LB,Linebacker,Defense,44,Active,26,"6' 1""",215,2,4361194
NO,New Orleans Saints,Danny Stutsman,Danny,Stutsman,LB,Linebacker,Defense,28,Active,23,"6' 3""",233,2,4683215
NO,New Orleans Saints,Pete Werner,Pete,Werner,LB,Linebacker,Defense,20,Active,27,"6' 3""",242,6,4241993
NO,New Orleans Saints,Julian Blackmon,Julian,Blackmon,S,Safety,Defense,23,Active,28,"6' 0""",202,7,4035661
NO,New Orleans Saints,Jordan Howden,Jordan,Howden,S,Safety,Defense,31,Active,26,"6' 0""",209,4,4360949
NO,New Orleans Saints,Justin Reid,Justin,Reid,S,Safety,Defense,21,Active,29,"6' 1""",207,9,3931399
NO,New Orleans Saints,Jonas Sanker,Jonas,Sanker,S,Safety,Defense,7,Active,23,"6' 1""",211,2,4683813
NO,New Orleans Saints,Lorenzo Styles Jr.,Lorenzo,Styles Jr.,S,Safety,Defense,36,Day-To-Day,23,"6' 0""",194,0,4432768
NO,New Orleans Saints,Zach Wood,Zach,Wood,LS,Long Snapper,Special Teams,49,Active,33,"6' 3""",255,10,2575788
NO,New Orleans Saints,Ryan Wright,Ryan,Wright,P,Punter,Special Teams,17,Active,26,"6' 3""",245,5,4361823
NO,New Orleans Saints,Daniel Carlson,Daniel,Carlson,PK,Place Kicker,Special Teams,48,Active,31,"6' 5""",222,9,3051909
NO,New Orleans Saints,Charlie Smyth,Charlie,Smyth,PK,Place Kicker,Special Teams,39,Practice Squad,25,"6' 4""",210,2,5208518
NYG,New York Giants,Kingsley Eguakun,Kingsley,Eguakun,C,Center,Offense,,Practice Squad,25,"6' 3""",305,2,4567410
NYG,New York Giants,Bryan Hudson,Bryan,Hudson,C,Center,Offense,60,Active,25,"6' 5""",305,1,4426489
NYG,New York Giants,John Michael Schmitz Jr.,John Michael,Schmitz Jr.,C,Center,Offense,61,Active,27,"6' 4""",320,4,4240771
NYG,New York Giants,Grant Finley,Grant,Finley,FB,Fullback,Offense,47,Practice Squad,23,"6' 4""",281,0,5393270
NYG,New York Giants,Patrick Ricard,Patrick,Ricard,FB,Fullback,Offense,45,Active,32,"6' 3""",300,10,2975417
NYG,New York Giants,Jon Runyan,Jon,Runyan,G,Guard,Offense,76,Active,29,"6' 4""",307,7,3929936
NYG,New York Giants,Aaron Stinnie,Aaron,Stinnie,G,Guard,Offense,64,Active,32,"6' 3""",312,9,3049339
NYG,New York Giants,Geno VanDeMark,Geno,VanDeMark,OL,Offensive Lineman,Offense,69,Practice Squad,24,"6' 5""",326,0,4875981
NYG,New York Giants,J.C. Davis,J.C.,Davis,OT,Offensive Tackle,Offense,74,Active,22,"6' 4""",322,0,5082353
NYG,New York Giants,Jermaine Eluemunor,Jermaine,Eluemunor,OT,Offensive Tackle,Offense,72,Active,31,"6' 4""",338,10,3115303
NYG,New York Giants,Jarrod Gray,Jarrod,Gray,OT,Offensive Tackle,Offense,79,Practice Squad,22,"6' 7""",318,0,5360470
NYG,New York Giants,Darian Kinnard,Darian,Kinnard,OT,Offensive Tackle,Offense,,Practice Squad,26,"6' 5""",322,4,4362611
NYG,New York Giants,Francis Mauigoa,Francis,Mauigoa,OT,Offensive Tackle,Offense,65,Active,21,"6' 6""",335,0,4870914
NYG,New York Giants,Marcus Mbow,Marcus,Mbow,OT,Offensive Tackle,Offense,71,Active,23,"6' 5""",300,2,4686362
NYG,New York Giants,Ryan Schernecke,Ryan,Schernecke,OT,Offensive Tackle,Offense,70,Practice Squad,23,"6' 8""",330,0,5344428
NYG,New York Giants,Andrew Thomas,Andrew,Thomas,OT,Offensive Tackle,Offense,78,Active,27,"6' 5""",315,7,4259566
NYG,New York Giants,Jaxson Dart,Jaxson,Dart,QB,Quarterback,Offense,6,Active,23,"6' 2""",223,2,4689114
NYG,New York Giants,Jake Haener,Jake,Haener,QB,Quarterback,Offense,2,Practice Squad,27,"6' 1""",200,3,4243322
NYG,New York Giants,Jameis Winston,Jameis,Winston,QB,Quarterback,Offense,19,Active,32,"6' 4""",231,12,2969939
NYG,New York Giants,Najee Harris,Najee,Harris,RB,Running Back,Offense,22,Active,28,"6' 1""",232,6,4241457
NYG,New York Giants,Devin Singletary,Devin,Singletary,RB,Running Back,Offense,26,Active,29,"5' 7""",203,8,4040761
NYG,New York Giants,Cam Skattebo,Cam,Skattebo,RB,Running Back,Offense,44,Active,24,"5' 11""",215,2,4696981
NYG,New York Giants,Tyrone Tracy Jr.,Tyrone,Tracy Jr.,RB,Running Back,Offense,29,Active,26,"5' 11""",210,3,4360516
NYG,New York Giants,Thomas Fidone II,Thomas,Fidone II,TE,Tight End,Offense,86,Active,23,"6' 6""",255,2,4590292
NYG,New York Giants,Theo Johnson,Theo,Johnson,TE,Tight End,Offense,84,Active,25,"6' 6""",264,3,4429148
NYG,New York Giants,Isaiah Likely,Isaiah,Likely,TE,Tight End,Offense,9,Active,26,"6' 4""",241,5,4361050
NYG,New York Giants,Chris Manhertz,Chris,Manhertz,TE,Tight End,Offense,85,Active,34,"6' 6""",235,11,2531358
NYG,New York Giants,Calvin Austin III,Calvin,Austin III,WR,Wide Receiver,Offense,82,Day-To-Day,27,"5' 9""",162,5,4243389
NYG,New York Giants,Odell Beckham Jr.,Odell,Beckham Jr.,WR,Wide Receiver,Offense,13,Active,33,"5' 11""",198,11,16733
NYG,New York Giants,Braxton Berrios,Braxton,Berrios,WR,Wide Receiver,Offense,87,Practice Squad,30,"5' 9""",190,9,3123075
NYG,New York Giants,Dalen Cambre,Dalen,Cambre,WR,Wide Receiver,Offense,83,Practice Squad,25,"6' 0""",192,2,4570296
NYG,New York Giants,Malachi Fields,Malachi,Fields,WR,Wide Receiver,Offense,0,Active,23,"6' 4""",222,0,4682648
NYG,New York Giants,Jalin Hyatt,Jalin,Hyatt,WR,Wide Receiver,Offense,13,Practice Squad,24,"6' 0""",185,4,4692590
NYG,New York Giants,Charlie Jones,Charlie,Jones,WR,Wide Receiver,Offense,,Practice Squad,27,"6' 0""",190,5,4257188
NYG,New York Giants,Darnell Mooney,Darnell,Mooney,WR,Wide Receiver,Offense,17,Active,28,"5' 11""",177,7,4040655
NYG,New York Giants,Malik Nabers,Malik,Nabers,WR,Wide Receiver,Offense,1,Active,23,"6' 0""",200,3,4595348
NYG,New York Giants,Gunner Olszewski,Gunner,Olszewski,WR,Wide Receiver,Offense,80,Day-To-Day,29,"6' 0""",190,8,4424106
NYG,New York Giants,Darius Slayton,Darius,Slayton,WR,Wide Receiver,Offense,18,Active,29,"6' 1""",198,8,3916945
NYG,New York Giants,Paulson Adebo,Paulson,Adebo,CB,Cornerback,Defense,21,Active,27,"6' 1""",192,6,4242547
NYG,New York Giants,Deonte Banks,Deonte,Banks,CB,Cornerback,Defense,2,Active,25,"6' 2""",200,4,4428328
NYG,New York Giants,Jarrick Bernard-Converse,Jarrick,Bernard-Converse,CB,Cornerback,Defense,35,Day-To-Day,26,"6' 1""",205,4,4361834
NYG,New York Giants,Korie Black,Korie,Black,CB,Cornerback,Defense,38,Day-To-Day,24,"6' 0""",190,2,4429281
NYG,New York Giants,Thaddeus Dixon,Thaddeus,Dixon,CB,Cornerback,Defense,39,Day-To-Day,24,"6' 1""",195,0,5151880
NYG,New York Giants,Colton Hood,Colton,Hood,CB,Cornerback,Defense,12,Active,21,"6' 0""",195,0,4921249
NYG,New York Giants,DJ James,DJ,James,CB,Cornerback,Defense,36,Day-To-Day,25,"6' 0""",175,1,4429891
NYG,New York Giants,Elijah Jones,Elijah,Jones,CB,Cornerback,Defense,,Practice Squad,26,"6' 1""",185,4,4360203
NYG,New York Giants,Nic Jones,Nic,Jones,CB,Cornerback,Defense,31,Active,24,"6' 0""",189,3,4427636
NYG,New York Giants,Greg Newsome II,Greg,Newsome II,CB,Cornerback,Defense,20,Active,26,"6' 0""",192,6,4361266
NYG,New York Giants,Rico Payton,Rico,Payton,CB,Cornerback,Defense,36,Day-To-Day,26,"6' 0""",182,3,4368350
NYG,New York Giants,Dru Phillips,Dru,Phillips,CB,Cornerback,Defense,22,Active,24,"5' 11""",180,3,4431321
NYG,New York Giants,Chauncey Golston,Chauncey,Golston,DE,Defensive End,Defense,57,Active,28,"6' 5""",277,6,4036132
NYG,New York Giants,Darius Alexander,Darius,Alexander,DT,Defensive Tackle,Defense,91,Active,26,"6' 4""",310,2,4426542
NYG,New York Giants,Shelby Harris,Shelby,Harris,DT,Defensive Tackle,Defense,93,Active,35,"6' 2""",288,12,16837
NYG,New York Giants,Bobby Jamison-Travis,Bobby,Jamison-Travis,DT,Defensive Tackle,Defense,97,Active,25,"6' 3""",328,0,5159928
NYG,New York Giants,CJ Okoye,CJ,Okoye,DT,Defensive Tackle,Defense,99,Active,24,"6' 6""",370,2,5144942
NYG,New York Giants,DJ Reader,DJ,Reader,DT,Defensive Tackle,Defense,98,Active,32,"6' 3""",335,11,2977670
NYG,New York Giants,Roy Robertson-Harris,Roy,Robertson-Harris,DT,Defensive Tackle,Defense,95,Day-To-Day,33,"6' 7""",300,10,2574891
NYG,New York Giants,Josh Tupou,Josh,Tupou,DT,Defensive Tackle,Defense,94,Practice Squad,32,"6' 3""",350,7,2979632
NYG,New York Giants,Zaire Barnes,Zaire,Barnes,LB,Linebacker,Defense,46,Active,27,"6' 1""",232,4,4362234
NYG,New York Giants,Brian Burns,Brian,Burns,LB,Linebacker,Defense,0,Active,28,"6' 5""",250,8,4035631
NYG,New York Giants,Abdul Carter,Abdul,Carter,LB,Linebacker,Defense,3,Active,22,"6' 3""",252,2,4725996
NYG,New York Giants,Tremaine Edmunds,Tremaine,Edmunds,LB,Linebacker,Defense,49,Active,28,"6' 4""",251,9,3929950
NYG,New York Giants,Trace Ford,Trace,Ford,LB,Linebacker,Defense,48,Practice Squad,25,"6' 2""",252,1,4427207
NYG,New York Giants,Malik Harrison,Malik,Harrison,LB,Linebacker,Defense,,Practice Squad,28,"6' 3""",247,7,4040615
NYG,New York Giants,Jack Kelly,Jack,Kelly,LB,Linebacker,Defense,51,Active,23,"6' 1""",240,0,4876380
NYG,New York Giants,Chandler Martin,Chandler,Martin,LB,Linebacker,Defense,55,Practice Squad,23,"6' 0""",230,1,4695086
NYG,New York Giants,Micah McFadden,Micah,McFadden,LB,Linebacker,Defense,41,Active,26,"6' 2""",232,5,4371961
NYG,New York Giants,Arvell Reese,Arvell,Reese,LB,Linebacker,Defense,52,Active,21,"6' 4""",243,0,4950400
NYG,New York Giants,Kayvon Thibodeaux,Kayvon,Thibodeaux,LB,Linebacker,Defense,5,Active,25,"6' 5""",258,5,4426326
NYG,New York Giants,Elijah Campbell,Elijah,Campbell,S,Safety,Defense,28,Active,31,"5' 11""",190,6,3932901
NYG,New York Giants,Jevon Holland,Jevon,Holland,S,Safety,Defense,8,Active,26,"6' 1""",207,6,4373809
NYG,New York Giants,Raheem Layne,Raheem,Layne,S,Safety,Defense,43,Practice Squad,27,"5' 11""",192,3,4258237
NYG,New York Giants,Tyler Nubin,Tyler,Nubin,S,Safety,Defense,27,Active,25,"6' 2""",210,3,4430261
NYG,New York Giants,Jason Pinnock,Jason,Pinnock,S,Safety,Defense,25,Active,27,"6' 0""",200,6,4240706
NYG,New York Giants,Ar'Darius Washington,Ar'Darius,Washington,S,Safety,Defense,24,Active,26,"5' 8""",180,5,4362492
NYG,New York Giants,Ben Mann,Ben,Mann,LS,Long Snapper,Special Teams,58,Active,24,"6' 5""",232,0,4883114
NYG,New York Giants,Jordan Stout,Jordan,Stout,P,Punter,Special Teams,15,Active,28,"6' 3""",214,5,4260224
NYG,New York Giants,Dominic Zvada,Dominic,Zvada,PK,Place Kicker,Special Teams,34,Active,22,"6' 3""",187,0,5082424
NYJ,New York Jets,Jordan Meredith,Jordan,Meredith,C,Center,Offense,67,Active,28,"6' 2""",301,4,4076803
NYJ,New York Jets,Josh Myers,Josh,Myers,C,Center,Offense,71,Active,28,"6' 5""",310,6,4242000
NYJ,New York Jets,Joe Tippmann,Joe,Tippmann,C,Center,Offense,66,Active,25,"6' 6""",313,4,4428681
NYJ,New York Jets,Andrew Beck,Andrew,Beck,FB,Fullback,Offense,47,Active,30,"6' 3""",255,7,3125107
NYJ,New York Jets,Anez Cooper,Anez,Cooper,G,Guard,Offense,72,Day-To-Day,22,"6' 5""",334,0,4905597
NYJ,New York Jets,Kohl Levao,Kohl,Levao,G,Guard,Offense,60,Practice Squad,28,"6' 6""",350,1,4373951
NYJ,New York Jets,Xavier Newman,Xavier,Newman,G,Guard,Offense,65,Practice Squad,27,"6' 2""",297,4,4259186
NYJ,New York Jets,Dylan Parham,Dylan,Parham,G,Guard,Offense,64,Active,27,"6' 3""",311,5,4243375
NYJ,New York Jets,Brant Banks,Brant,Banks,OT,Offensive Tackle,Offense,,Practice Squad,26,"6' 7""",306,1,4426623
NYJ,New York Jets,Olu Fashanu,Olu,Fashanu,OT,Offensive Tackle,Offense,74,Active,23,"6' 6""",312,3,4431809
NYJ,New York Jets,Armand Membou,Armand,Membou,OT,Offensive Tackle,Offense,70,Active,22,"6' 4""",332,2,4789907
NYJ,New York Jets,Max Mitchell,Max,Mitchell,OT,Offensive Tackle,Offense,61,Active,26,"6' 6""",307,5,4373656
NYJ,New York Jets,Chukwuma Okorafor,Chukwuma,Okorafor,OT,Offensive Tackle,Offense,79,Active,29,"6' 6""",320,8,3129473
NYJ,New York Jets,Cade Klubnik,Cade,Klubnik,QB,Quarterback,Offense,10,Active,22,"6' 2""",207,0,4685413
NYJ,New York Jets,Geno Smith,Geno,Smith,QB,Quarterback,Offense,7,Active,35,"6' 2""",221,14,15864
NYJ,New York Jets,Bailey Zappe,Bailey,Zappe,QB,Quarterback,Offense,11,Practice Squad,27,"6' 1""",220,4,4250360
NYJ,New York Jets,Braelon Allen,Braelon,Allen,RB,Running Back,Offense,0,Active,22,"6' 1""",235,3,4685247
NYJ,New York Jets,Isaiah Davis,Isaiah,Davis,RB,Running Back,Offense,32,Active,24,"6' 1""",220,3,4695404
NYJ,New York Jets,Breece Hall,Breece,Hall,RB,Running Back,Offense,20,Active,25,"5' 11""",217,5,4427366
NYJ,New York Jets,Al-Jay Henderson,Al-Jay,Henderson,RB,Running Back,Offense,,Practice Squad,,"6' 0""",216,0,4599158
NYJ,New York Jets,Kene Nwangwu,Kene,Nwangwu,RB,Running Back,Offense,3,Active,28,"6' 1""",210,6,4035537
NYJ,New York Jets,Chip Trayanum,Chip,Trayanum,RB,Running Back,Offense,40,Day-To-Day,24,"5' 10""",224,0,4430893
NYJ,New York Jets,Jeremy Ruckert,Jeremy,Ruckert,TE,Tight End,Offense,89,Active,26,"6' 5""",250,5,4361372
NYJ,New York Jets,Kenyon Sadiq,Kenyon,Sadiq,TE,Tight End,Offense,16,Active,21,"6' 3""",241,0,5083315
NYJ,New York Jets,Mason Taylor,Mason,Taylor,TE,Tight End,Offense,85,Active,22,"6' 5""",251,2,4808766
NYJ,New York Jets,Jelani Woods,Jelani,Woods,TE,Tight End,Offense,86,Active,27,"6' 7""",253,5,4241410
NYJ,New York Jets,Omar Cooper Jr.,Omar,Cooper Jr.,WR,Wide Receiver,Offense,83,Active,22,"6' 0""",199,0,4723820
NYJ,New York Jets,Caullin Lacy,Caullin,Lacy,WR,Wide Receiver,Offense,35,Day-To-Day,24,"5' 9""",183,0,4430185
NYJ,New York Jets,Malik McClain,Malik,McClain,WR,Wide Receiver,Offense,84,Practice Squad,23,"6' 4""",195,0,4682509
NYJ,New York Jets,Adonai Mitchell,Adonai,Mitchell,WR,Wide Receiver,Offense,15,Active,23,"6' 2""",205,3,4597500
NYJ,New York Jets,Tim Patrick,Tim,Patrick,WR,Wide Receiver,Offense,17,Active,32,"6' 5""",210,9,3134353
NYJ,New York Jets,Jamaal Pritchett,Jamaal,Pritchett,WR,Wide Receiver,Offense,81,Practice Squad,23,"5' 8""",175,1,4892576
NYJ,New York Jets,Arian Smith,Arian,Smith,WR,Wide Receiver,Offense,82,Active,24,"6' 0""",179,2,4429105
NYJ,New York Jets,Isaiah Williams,Isaiah,Williams,WR,Wide Receiver,Offense,18,Active,25,"5' 10""",185,3,4569371
NYJ,New York Jets,Garrett Wilson,Garrett,Wilson,WR,Wide Receiver,Offense,5,Active,26,"6' 0""",183,5,4569618
NYJ,New York Jets,Mory Bamba,Mory,Bamba,CB,Cornerback,Defense,38,Practice Squad,25,"6' 2""",193,0,5092196
NYJ,New York Jets,Tre Brown,Tre,Brown,CB,Cornerback,Defense,30,Day-To-Day,28,"5' 10""",186,6,4241373
NYJ,New York Jets,Jarvis Brownlee Jr.,Jarvis,Brownlee Jr.,CB,Cornerback,Defense,2,Active,25,"5' 10""",194,3,4426817
NYJ,New York Jets,Jordan Clark,Jordan,Clark,CB,Cornerback,Defense,33,Practice Squad,25,"5' 9""",184,2,4429411
NYJ,New York Jets,D'Angelo Ponds,D'Angelo,Ponds,CB,Cornerback,Defense,23,Active,21,"5' 8""",182,0,5118340
NYJ,New York Jets,Brandon Stephens,Brandon,Stephens,CB,Cornerback,Defense,21,Active,28,"6' 1""",215,6,4035824
NYJ,New York Jets,Qwan'tez Stiggers,Qwan'tez,Stiggers,CB,Cornerback,Defense,37,Active,24,"6' 0""",197,3,5208977
NYJ,New York Jets,Azareye'h Thomas,Azareye'h,Thomas,CB,Cornerback,Defense,1,Active,22,"6' 1""",197,2,4685596
NYJ,New York Jets,Samuel Womack III,Samuel,Womack III,CB,Cornerback,Defense,22,Practice Squad,27,"5' 10""",189,5,4280416
NYJ,New York Jets,Nahshon Wright,Nahshon,Wright,CB,Cornerback,Defense,26,Active,27,"6' 4""",190,6,4570470
NYJ,New York Jets,Tyler Baron,Tyler,Baron,DE,Defensive End,Defense,94,Day-To-Day,24,"6' 4""",258,2,4692555
NYJ,New York Jets,Paschal Ekeji,Paschal,Ekeji,DE,Defensive End,Defense,54,Practice Squad,24,"6' 4""",230,1,5279356
NYJ,New York Jets,Kingsley Jonathan,Kingsley,Jonathan,DE,Defensive End,Defense,57,Day-To-Day,28,"6' 4""",260,3,4240405
NYJ,New York Jets,Nate Lynn,Nate,Lynn,DE,Defensive End,Defense,92,Practice Squad,24,"6' 3""",256,2,4574142
NYJ,New York Jets,Will McDonald IV,Will,McDonald IV,DE,Defensive End,Defense,9,Active,27,"6' 4""",245,4,4361767
NYJ,New York Jets,Braiden McGregor,Braiden,McGregor,DE,Defensive End,Defense,55,Active,25,"6' 6""",267,3,4429005
NYJ,New York Jets,Joseph Ossai,Joseph,Ossai,DE,Defensive End,Defense,46,Active,26,"6' 4""",253,6,4362094
NYJ,New York Jets,Jowon Briggs,Jowon,Briggs,DT,Defensive Tackle,Defense,91,Active,25,"6' 1""",313,3,4426676
NYJ,New York Jets,Jack Heflin,Jack,Heflin,DT,Defensive Tackle,Defense,96,Practice Squad,28,"6' 3""",304,2,4039485
NYJ,New York Jets,Darrell Jackson Jr.,Darrell,Jackson Jr.,DT,Defensive Tackle,Defense,95,Active,23,"6' 5""",315,0,4612836
NYJ,New York Jets,David Onyemata,David,Onyemata,DT,Defensive Tackle,Defense,93,Active,33,"6' 3""",300,11,4002046
NYJ,New York Jets,Payton Page,Payton,Page,DT,Defensive Tackle,Defense,98,Practice Squad,23,"6' 4""",300,1,4431582
NYJ,New York Jets,Harrison Phillips,Harrison,Phillips,DT,Defensive Tackle,Defense,97,Active,30,"6' 3""",307,9,3117255
NYJ,New York Jets,T'Vondre Sweat,T'Vondre,Sweat,DT,Defensive Tackle,Defense,99,Active,25,"6' 4""",366,3,4428617
NYJ,New York Jets,David Bailey,David,Bailey,LB,Linebacker,Defense,31,Active,23,"6' 3""",251,0,4685248
NYJ,New York Jets,Demario Davis,Demario,Davis,LB,Linebacker,Defense,56,Active,37,"6' 2""",239,15,14958
NYJ,New York Jets,Kingsley Enagbare,Kingsley,Enagbare,LB,Linebacker,Defense,52,Active,26,"6' 4""",258,5,4362840
NYJ,New York Jets,Jaden Keller,Jaden,Keller,LB,Linebacker,Defense,48,Practice Squad,23,"6' 3""",235,0,4700756
NYJ,New York Jets,Kiko Mauigoa,Kiko,Mauigoa,LB,Linebacker,Defense,51,Active,23,"6' 2""",233,2,4700136
NYJ,New York Jets,Marcelino McCrary-Ball,Marcelino,McCrary-Ball,LB,Linebacker,Defense,41,Active,27,"6' 0""",214,3,4045299
NYJ,New York Jets,Troy Reeder,Troy,Reeder,LB,Linebacker,Defense,,Practice Squad,31,"6' 3""",245,7,3116177
NYJ,New York Jets,Jamien Sherwood,Jamien,Sherwood,LB,Linebacker,Defense,44,Active,26,"6' 2""",216,6,4361331
NYJ,New York Jets,Trevin Wallace,Trevin,Wallace,LB,Linebacker,Defense,,Active,23,"6' 1""",244,3,4683815
NYJ,New York Jets,Dane Belton,Dane,Belton,S,Safety,Defense,6,Active,25,"6' 1""",205,5,4426686
NYJ,New York Jets,Andre Cisco,Andre,Cisco,S,Safety,Defense,8,Active,26,"6' 0""",210,6,4361939
NYJ,New York Jets,Minkah Fitzpatrick,Minkah,Fitzpatrick,S,Safety,Defense,29,Active,29,"6' 1""",202,9,3925345
NYJ,New York Jets,Malachi Moore,Malachi,Moore,S,Safety,Defense,27,Active,24,"5' 11""",196,2,4692024
NYJ,New York Jets,VJ Payne,VJ,Payne,S,Safety,Defense,34,Day-To-Day,22,"6' 3""",206,0,4837388
NYJ,New York Jets,Thomas Hennessy,Thomas,Hennessy,LS,Long Snapper,Special Teams,42,Active,32,"6' 2""",246,10,2983155
NYJ,New York Jets,Austin McNamara,Austin,McNamara,P,Punter,Special Teams,14,Active,25,"6' 4""",204,2,4427982
NYJ,New York Jets,Blake Grupe,Blake,Grupe,PK,Place Kicker,Special Teams,,Active,27,"5' 7""",156,4,4259619
NYJ,New York Jets,Jason Sanders,Jason,Sanders,PK,Place Kicker,Special Teams,19,Practice Squad,30,"5' 11""",186,9,3124679
PHI,Philadelphia Eagles,Cam Jurgens,Cam,Jurgens,C,Center,Offense,51,Active,27,"6' 3""",303,5,4361178
PHI,Philadelphia Eagles,Drew Kendall,Drew,Kendall,C,Center,Offense,66,Active,24,"6' 4""",308,2,4567802
PHI,Philadelphia Eagles,Willie Lampkin,Willie,Lampkin,C,Center,Offense,61,Active,24,"5' 11""",290,2,4582836
PHI,Philadelphia Eagles,Jake Majors,Jake,Majors,C,Center,Offense,75,Practice Squad,24,"6' 3""",306,1,4430814
PHI,Philadelphia Eagles,Landon Dickerson,Landon,Dickerson,G,Guard,Offense,69,Active,27,"6' 6""",332,6,4035624
PHI,Philadelphia Eagles,Micah Morris,Micah,Morris,G,Guard,Offense,76,Active,23,"6' 5""",334,0,4432738
PHI,Philadelphia Eagles,Tyler Steen,Tyler,Steen,G,Guard,Offense,56,Active,26,"6' 6""",321,4,4362805
PHI,Philadelphia Eagles,Kiran Amegadjie,Kiran,Amegadjie,OT,Offensive Tackle,Offense,,Practice Squad,24,"6' 5""",326,3,4883090
PHI,Philadelphia Eagles,Markel Bell,Markel,Bell,OT,Offensive Tackle,Offense,72,Active,22,"6' 9""",346,0,5219831
PHI,Philadelphia Eagles,Fred Johnson,Fred,Johnson,OT,Offensive Tackle,Offense,74,Active,29,"6' 7""",326,8,3915106
PHI,Philadelphia Eagles,Lane Johnson,Lane,Johnson,OT,Offensive Tackle,Offense,65,Active,36,"6' 6""",325,14,15797
PHI,Philadelphia Eagles,Jordan Mailata,Jordan,Mailata,OT,Offensive Tackle,Offense,68,Active,29,"6' 8""",365,9,4334215
PHI,Philadelphia Eagles,John Ojukwu,John,Ojukwu,OT,Offensive Tackle,Offense,67,Practice Squad,27,"6' 5""",309,2,4240015
PHI,Philadelphia Eagles,Andy Dalton,Andy,Dalton,QB,Quarterback,Offense,14,Active,38,"6' 2""",220,16,14012
PHI,Philadelphia Eagles,Jalen Hurts,Jalen,Hurts,QB,Quarterback,Offense,1,Active,28,"6' 1""",223,7,4040715
PHI,Philadelphia Eagles,Tanner McKee,Tanner,McKee,QB,Quarterback,Offense,16,Active,26,"6' 6""",231,4,4685201
PHI,Philadelphia Eagles,Cole Payton,Cole,Payton,QB,Quarterback,Offense,10,Active,23,"6' 2""",232,0,4879250
PHI,Philadelphia Eagles,Saquon Barkley,Saquon,Barkley,RB,Running Back,Offense,26,Active,29,"6' 0""",233,9,3929630
PHI,Philadelphia Eagles,Tank Bigsby,Tank,Bigsby,RB,Running Back,Offense,8,Active,24,"5' 11""",215,4,4429013
PHI,Philadelphia Eagles,Jaydon Blue,Jaydon,Blue,RB,Running Back,Offense,,Practice Squad,22,"5' 9""",198,2,4685279
PHI,Philadelphia Eagles,Dameon Pierce,Dameon,Pierce,RB,Running Back,Offense,39,Practice Squad,26,"5' 10""",218,5,4360238
PHI,Philadelphia Eagles,Will Shipley,Will,Shipley,RB,Running Back,Offense,28,Active,24,"5' 11""",209,3,4431545
PHI,Philadelphia Eagles,Carson Steele,Carson,Steele,RB,Running Back,Offense,34,Practice Squad,23,"6' 0""",228,2,4714365
PHI,Philadelphia Eagles,Grant Calcaterra,Grant,Calcaterra,TE,Tight End,Offense,81,Day-To-Day,27,"6' 4""",240,5,4241374
PHI,Philadelphia Eagles,Dallas Goedert,Dallas,Goedert,TE,Tight End,Offense,88,Active,31,"6' 5""",256,9,3121023
PHI,Philadelphia Eagles,E.J. Jenkins,E.J.,Jenkins,TE,Tight End,Offense,84,Active,27,"6' 6""",245,2,4248557
PHI,Philadelphia Eagles,Johnny Mundt,Johnny,Mundt,TE,Tight End,Offense,83,Active,31,"6' 4""",245,9,3052096
PHI,Philadelphia Eagles,Eli Stowers,Eli,Stowers,TE,Tight End,Offense,87,Active,23,"6' 4""",239,0,4431574
PHI,Philadelphia Eagles,Hollywood Brown,Hollywood,Brown,WR,Wide Receiver,Offense,0,Active,29,"5' 9""",170,8,4241372
PHI,Philadelphia Eagles,Darius Cooper,Darius,Cooper,WR,Wide Receiver,Offense,80,Active,24,"5' 11""",210,2,4715355
PHI,Philadelphia Eagles,Britain Covey,Britain,Covey,WR,Wide Receiver,Offense,18,Practice Squad,29,"5' 8""",173,5,3926231
PHI,Philadelphia Eagles,Danny Gray,Danny,Gray,WR,Wide Receiver,Offense,82,Practice Squad,27,"6' 0""",200,3,4689546
PHI,Philadelphia Eagles,Makai Lemon,Makai,Lemon,WR,Wide Receiver,Offense,9,Active,22,"5' 11""",192,0,4870795
PHI,Philadelphia Eagles,Elijah Moore,Elijah,Moore,WR,Wide Receiver,Offense,19,Active,26,"5' 10""",178,6,4372414
PHI,Philadelphia Eagles,DeVonta Smith,DeVonta,Smith,WR,Wide Receiver,Offense,6,Active,27,"6' 0""",170,6,4241478
PHI,Philadelphia Eagles,Dontayvion Wicks,Dontayvion,Wicks,WR,Wide Receiver,Offense,13,Active,25,"6' 1""",206,4,4428850
PHI,Philadelphia Eagles,Johnny Wilson,Johnny,Wilson,WR,Wide Receiver,Offense,89,Day-To-Day,25,"6' 6""",228,3,4686104
PHI,Philadelphia Eagles,Jakorian Bennett,Jakorian,Bennett,CB,Cornerback,Defense,23,Day-To-Day,26,"5' 10""",200,4,4686911
PHI,Philadelphia Eagles,Michael Carter II,Michael,Carter II,CB,Cornerback,Defense,35,Active,27,"5' 10""",184,6,4240456
PHI,Philadelphia Eagles,Tariq Castro-Fields,Tariq,Castro-Fields,CB,Cornerback,Defense,41,Day-To-Day,27,"6' 1""",197,3,4259590
PHI,Philadelphia Eagles,Cooper DeJean,Cooper,DeJean,CB,Cornerback,Defense,33,Active,23,"6' 0""",198,3,4682618
PHI,Philadelphia Eagles,Jonathan Jones,Jonathan,Jones,CB,Cornerback,Defense,32,Active,32,"5' 10""",190,11,2971027
PHI,Philadelphia Eagles,Robert Longerbeam,Robert,Longerbeam,CB,Cornerback,Defense,,Practice Squad,25,"5' 11""",174,2,4575860
PHI,Philadelphia Eagles,Mac McWilliams,Mac,McWilliams,CB,Cornerback,Defense,22,Active,24,"5' 10""",191,2,4689651
PHI,Philadelphia Eagles,Quinyon Mitchell,Quinyon,Mitchell,CB,Cornerback,Defense,27,Active,25,"6' 0""",193,3,4686273
PHI,Philadelphia Eagles,Kelee Ringo,Kelee,Ringo,CB,Cornerback,Defense,7,Active,24,"6' 2""",207,4,4428992
PHI,Philadelphia Eagles,Riq Woolen,Riq,Woolen,CB,Cornerback,Defense,2,Active,27,"6' 4""",210,5,4245185
PHI,Philadelphia Eagles,AJ Epenesa,AJ,Epenesa,DE,Defensive End,Defense,57,Active,27,"6' 6""",280,7,4240585
PHI,Philadelphia Eagles,Uar Bernard,Uar,Bernard,DT,Defensive Tackle,Defense,93,Practice Squad,21,"6' 4""",306,0,5344966
PHI,Philadelphia Eagles,Jalen Carter,Jalen,Carter,DT,Defensive Tackle,Defense,98,Active,25,"6' 3""",314,4,4685759
PHI,Philadelphia Eagles,Jordan Davis,Jordan,Davis,DT,Defensive Tackle,Defense,90,Active,26,"6' 6""",336,5,4381558
PHI,Philadelphia Eagles,Gabe Hall,Gabe,Hall,DT,Defensive Tackle,Defense,96,Practice Squad,25,"6' 6""",295,1,4429731
PHI,Philadelphia Eagles,Moro Ojomo,Moro,Ojomo,DT,Defensive Tackle,Defense,97,Active,25,"6' 3""",292,4,4362116
PHI,Philadelphia Eagles,Ty Robinson,Ty,Robinson,DT,Defensive Tackle,Defense,95,Active,25,"6' 5""",288,2,4569586
PHI,Philadelphia Eagles,Byron Young,Byron,Young,DT,Defensive Tackle,Defense,94,Active,25,"6' 3""",292,4,4567123
PHI,Philadelphia Eagles,Zack Baun,Zack,Baun,LB,Linebacker,Defense,53,Active,29,"6' 3""",225,7,3917657
PHI,Philadelphia Eagles,Chance Campbell,Chance,Campbell,LB,Linebacker,Defense,59,Practice Squad,26,"6' 2""",232,4,4372051
PHI,Philadelphia Eagles,Jihaad Campbell,Jihaad,Campbell,LB,Linebacker,Defense,11,Active,22,"6' 3""",235,2,4685287
PHI,Philadelphia Eagles,Arnold Ebiketie,Arnold,Ebiketie,LB,Linebacker,Defense,17,Active,27,"6' 3""",256,5,4257591
PHI,Philadelphia Eagles,Jonathan Greenard,Jonathan,Greenard,LB,Linebacker,Defense,52,Active,29,"6' 3""",263,7,3916409
PHI,Philadelphia Eagles,Jalyx Hunt,Jalyx,Hunt,LB,Linebacker,Defense,58,Active,25,"6' 3""",252,3,4571162
PHI,Philadelphia Eagles,Keyshawn James-Newby,Keyshawn,James-Newby,LB,Linebacker,Defense,50,Practice Squad,24,"6' 1""",240,0,5165139
PHI,Philadelphia Eagles,Smael Mondon Jr.,Smael,Mondon Jr.,LB,Linebacker,Defense,42,Active,23,"6' 2""",224,2,4431573
PHI,Philadelphia Eagles,Mason Reiger,Mason,Reiger,LB,Linebacker,Defense,90,Practice Squad,24,"6' 4""",251,0,4691903
PHI,Philadelphia Eagles,Nolan Smith Jr.,Nolan,Smith Jr.,LB,Linebacker,Defense,3,Active,25,"6' 2""",238,4,4426331
PHI,Philadelphia Eagles,Jeremiah Trotter Jr.,Jeremiah,Trotter Jr.,LB,Linebacker,Defense,54,Active,23,"6' 0""",225,3,4432777
PHI,Philadelphia Eagles,Joshua Weru,Joshua,Weru,LB,Linebacker,Defense,46,Practice Squad,22,"6' 4""",244,0,5344965
PHI,Philadelphia Eagles,Marcus Epps,Marcus,Epps,S,Safety,Defense,29,Active,30,"6' 0""",198,8,3139368
PHI,Philadelphia Eagles,Tucker Large,Tucker,Large,S,Safety,Defense,37,Day-To-Day,25,"5' 11""",185,0,4878896
PHI,Philadelphia Eagles,Andrew Mukuba,Andrew,Mukuba,S,Safety,Defense,24,Active,23,"5' 11""",186,2,4602197
PHI,Philadelphia Eagles,Maximus Pulley,Maximus,Pulley,S,Safety,Defense,36,Practice Squad,23,"5' 11""",200,0,5082391
PHI,Philadelphia Eagles,Andre' Sam,Andre',Sam,S,Safety,Defense,31,Day-To-Day,27,"5' 10""",194,1,4250510
PHI,Philadelphia Eagles,Cole Wisniewski,Cole,Wisniewski,S,Safety,Defense,21,Practice Squad,24,"6' 3""",219,0,4693345
PHI,Philadelphia Eagles,Rocco Underwood,Rocco,Underwood,LS,Long Snapper,Special Teams,37,Active,24,"6' 3""",231,0,4686566
PHI,Philadelphia Eagles,Braden Mann,Braden,Mann,P,Punter,Special Teams,10,Active,28,"5' 11""",198,7,4035239
PHI,Philadelphia Eagles,Jake Elliott,Jake,Elliott,PK,Place Kicker,Special Teams,4,Active,31,"5' 9""",167,10,3050478
PIT,Pittsburgh Steelers,Zach Frazier,Zach,Frazier,C,Center,Offense,54,Active,25,"6' 3""",310,3,4429775
PIT,Pittsburgh Steelers,Brock Hoffman,Brock,Hoffman,C,Center,Offense,67,Active,27,"6' 4""",302,5,4241087
PIT,Pittsburgh Steelers,Ryan McCollum,Ryan,McCollum,C,Center,Offense,62,Active,28,"6' 5""",300,4,4035253
PIT,Pittsburgh Steelers,Riley Nowakowski,Riley,Nowakowski,FB,Fullback,Offense,37,Active,24,"6' 2""",250,0,4693370
PIT,Pittsburgh Steelers,Spencer Anderson,Spencer,Anderson,G,Guard,Offense,74,Active,26,"6' 5""",305,4,4372056
PIT,Pittsburgh Steelers,Gennings Dunker,Gennings,Dunker,G,Guard,Offense,73,Active,23,"6' 5""",319,0,4431258
PIT,Pittsburgh Steelers,Steven Jones,Steven,Jones,G,Guard,Offense,79,Practice Squad,25,"6' 5""",340,1,4373830
PIT,Pittsburgh Steelers,Mason McCormick,Mason,McCormick,G,Guard,Offense,66,Active,26,"6' 5""",315,3,4368304
PIT,Pittsburgh Steelers,Doug Nester,Doug,Nester,G,Guard,Offense,72,Practice Squad,26,"6' 6""",306,1,4426368
PIT,Pittsburgh Steelers,Dylan Cook,Dylan,Cook,OT,Offensive Tackle,Offense,60,Active,28,"6' 6""",305,3,4570898
PIT,Pittsburgh Steelers,Jack Driscoll,Jack,Driscoll,OT,Offensive Tackle,Offense,68,Day-To-Day,29,"6' 5""",312,6,3932668
PIT,Pittsburgh Steelers,Troy Fautanu,Troy,Fautanu,OT,Offensive Tackle,Offense,76,Active,25,"6' 4""",317,3,4427170
PIT,Pittsburgh Steelers,Max Iheanachor,Max,Iheanachor,OT,Offensive Tackle,Offense,71,Active,22,"6' 6""",321,0,5150136
PIT,Pittsburgh Steelers,Drew Allar,Drew,Allar,QB,Quarterback,Offense,16,Active,22,"6' 5""",228,0,4714771
PIT,Pittsburgh Steelers,Will Howard,Will,Howard,QB,Quarterback,Offense,18,Active,24,"6' 4""",236,2,4429955
PIT,Pittsburgh Steelers,Aaron Rodgers,Aaron,Rodgers,QB,Quarterback,Offense,8,Active,42,"6' 2""",223,22,8439
PIT,Pittsburgh Steelers,Mason Rudolph,Mason,Rudolph,QB,Quarterback,Offense,2,Active,31,"6' 5""",235,9,3116407
PIT,Pittsburgh Steelers,Rico Dowdle,Rico,Dowdle,RB,Running Back,Offense,13,Active,28,"5' 11""",215,7,4038815
PIT,Pittsburgh Steelers,Eli Heidenreich,Eli,Heidenreich,RB,Running Back,Offense,29,Active,23,"6' 0""",198,0,5081508
PIT,Pittsburgh Steelers,Travis Homer,Travis,Homer,RB,Running Back,Offense,21,Practice Squad,28,"5' 10""",202,8,4037457
PIT,Pittsburgh Steelers,Max Hurleman,Max,Hurleman,RB,Running Back,Offense,84,Practice Squad,24,"5' 11""",200,1,4694237
PIT,Pittsburgh Steelers,Lew Nichols,Lew,Nichols,RB,Running Back,Offense,35,Practice Squad,25,"5' 10""",220,1,4428119
PIT,Pittsburgh Steelers,Jaylen Warren,Jaylen,Warren,RB,Running Back,Offense,30,Active,27,"5' 8""",215,5,4569987
PIT,Pittsburgh Steelers,Pat Freiermuth,Pat,Freiermuth,TE,Tight End,Offense,88,Active,27,"6' 5""",258,6,4361411
PIT,Pittsburgh Steelers,Lake McRee,Lake,McRee,TE,Tight End,Offense,81,Practice Squad,24,"6' 4""",243,0,4566198
PIT,Pittsburgh Steelers,Robert Tonyan,Robert,Tonyan,TE,Tight End,Offense,83,Active,32,"6' 5""",240,8,2975674
PIT,Pittsburgh Steelers,Darnell Washington,Darnell,Washington,TE,Tight End,Offense,80,Active,25,"6' 7""",264,4,4430802
PIT,Pittsburgh Steelers,Germie Bernard,Germie,Bernard,WR,Wide Receiver,Offense,17,Active,22,"6' 1""",206,0,4685261
PIT,Pittsburgh Steelers,Cole Burgess,Cole,Burgess,WR,Wide Receiver,Offense,85,Day-To-Day,26,"6' 1""",192,1,5192448
PIT,Pittsburgh Steelers,Brandon Johnson,Brandon,Johnson,WR,Wide Receiver,Offense,,Practice Squad,28,"6' 2""",195,3,4035198
PIT,Pittsburgh Steelers,DK Metcalf,DK,Metcalf,WR,Wide Receiver,Offense,4,Active,28,"6' 4""",229,8,4047650
PIT,Pittsburgh Steelers,Michael Pittman Jr.,Michael,Pittman Jr.,WR,Wide Receiver,Offense,11,Active,28,"6' 4""",223,7,4035687
PIT,Pittsburgh Steelers,Ben Skowronek,Ben,Skowronek,WR,Wide Receiver,Offense,15,Active,29,"6' 3""",224,6,4035656
PIT,Pittsburgh Steelers,Brandon Smith,Brandon,Smith,WR,Wide Receiver,Offense,87,Practice Squad,27,"6' 2""",220,1,4240577
PIT,Pittsburgh Steelers,Kaden Wetjen,Kaden,Wetjen,WR,Wide Receiver,Offense,10,Active,24,"5' 9""",196,0,5081338
PIT,Pittsburgh Steelers,Roman Wilson,Roman,Wilson,WR,Wide Receiver,Offense,14,Active,25,"5' 10""",186,3,4431492
PIT,Pittsburgh Steelers,Jamel Dean,Jamel,Dean,CB,Cornerback,Defense,35,Active,29,"6' 1""",206,8,3873935
PIT,Pittsburgh Steelers,Brandin Echols,Brandin,Echols,CB,Cornerback,Defense,26,Active,28,"5' 10""",179,6,4567979
PIT,Pittsburgh Steelers,Daylen Everette,Daylen,Everette,CB,Cornerback,Defense,23,Active,22,"6' 1""",196,0,4685327
PIT,Pittsburgh Steelers,Daequan Hardy,Daequan,Hardy,CB,Cornerback,Defense,31,Day-To-Day,25,"5' 9""",178,1,4429743
PIT,Pittsburgh Steelers,Donte Kent,Donte,Kent,CB,Cornerback,Defense,34,Day-To-Day,24,"5' 10""",189,2,4608004
PIT,Pittsburgh Steelers,Joey Porter Jr.,Joey,Porter Jr.,CB,Cornerback,Defense,24,Active,26,"6' 2""",193,4,4426506
PIT,Pittsburgh Steelers,Jalen Ramsey,Jalen,Ramsey,CB,Cornerback,Defense,5,Active,31,"6' 1""",211,11,3045373
PIT,Pittsburgh Steelers,Asante Samuel Jr.,Asante,Samuel Jr.,CB,Cornerback,Defense,22,Active,26,"5' 10""",180,6,4363034
PIT,Pittsburgh Steelers,Doneiko Slaughter,Doneiko,Slaughter,CB,Cornerback,Defense,19,Practice Squad,24,"6' 0""",190,1,4692628
PIT,Pittsburgh Steelers,Car'lin Vigers,Car'lin,Vigers,CB,Cornerback,Defense,,Practice Squad,26,"6' 2""",200,1,4917486
PIT,Pittsburgh Steelers,Yahya Black,Yahya,Black,DE,Defensive End,Defense,94,Active,24,"6' 5""",336,2,4430947
PIT,Pittsburgh Steelers,Gabriel Rubio,Gabriel,Rubio,DE,Defensive End,Defense,96,Active,23,"6' 5""",321,0,4431533
PIT,Pittsburgh Steelers,Kyler Baugh,Kyler,Baugh,DT,Defensive Tackle,Defense,65,Practice Squad,24,"6' 2""",305,1,4573443
PIT,Pittsburgh Steelers,Keeanu Benton,Keeanu,Benton,DT,Defensive Tackle,Defense,95,Active,25,"6' 4""",309,4,4426694
PIT,Pittsburgh Steelers,Derrick Harmon,Derrick,Harmon,DT,Defensive Tackle,Defense,99,Active,23,"6' 4""",313,2,4682980
PIT,Pittsburgh Steelers,Cameron Heyward,Cameron,Heyward,DT,Defensive Tackle,Defense,97,Active,37,"6' 5""",295,16,13977
PIT,Pittsburgh Steelers,Kevin Jobity Jr.,Kevin,Jobity Jr.,DT,Defensive Tackle,Defense,92,Active,22,"6' 4""",300,0,5084849
PIT,Pittsburgh Steelers,Sebastian Joseph-Day,Sebastian,Joseph-Day,DT,Defensive Tackle,Defense,69,Active,31,"6' 4""",310,8,3047495
PIT,Pittsburgh Steelers,Logan Lee,Logan,Lee,DT,Defensive Tackle,Defense,91,Day-To-Day,26,"6' 5""",286,3,4569474
PIT,Pittsburgh Steelers,Esezi Otomewo,Esezi,Otomewo,DT,Defensive Tackle,Defense,93,Practice Squad,27,"6' 5""",282,4,4240759
PIT,Pittsburgh Steelers,Carson Bruener,Carson,Bruener,LB,Linebacker,Defense,44,Active,25,"6' 1""",227,2,4429490
PIT,Pittsburgh Steelers,Nick Herbig,Nick,Herbig,LB,Linebacker,Defense,51,Active,24,"6' 2""",240,4,4429164
PIT,Pittsburgh Steelers,Alex Highsmith,Alex,Highsmith,LB,Linebacker,Defense,56,Active,29,"6' 4""",242,7,4037333
PIT,Pittsburgh Steelers,Cole Holcomb,Cole,Holcomb,LB,Linebacker,Defense,55,Active,30,"6' 1""",240,8,3116689
PIT,Pittsburgh Steelers,Patrick Queen,Patrick,Queen,LB,Linebacker,Defense,6,Active,27,"6' 0""",232,7,4242207
PIT,Pittsburgh Steelers,Jack Sawyer,Jack,Sawyer,LB,Linebacker,Defense,33,Active,24,"6' 4""",260,2,4431590
PIT,Pittsburgh Steelers,Bradyn Swinson,Bradyn,Swinson,LB,Linebacker,Defense,,Practice Squad,24,"6' 4""",255,3,4431424
PIT,Pittsburgh Steelers,T.J. Watt,T.J.,Watt,LB,Linebacker,Defense,90,Active,31,"6' 4""",252,10,3045282
PIT,Pittsburgh Steelers,Julius Welschof,Julius,Welschof,LB,Linebacker,Defense,45,Practice Squad,29,"6' 6""",265,1,4372098
PIT,Pittsburgh Steelers,Payton Wilson,Payton,Wilson,LB,Linebacker,Defense,41,Active,26,"6' 4""",242,3,4361652
PIT,Pittsburgh Steelers,Jacoby Windmon,Jacoby,Windmon,LB,Linebacker,Defense,53,Practice Squad,25,"6' 2""",250,2,4428909
PIT,Pittsburgh Steelers,Jaquan Brisker,Jaquan,Brisker,S,Safety,Defense,3,Active,27,"6' 1""",204,5,4570044
PIT,Pittsburgh Steelers,Sebastian Castro,Sebastian,Castro,S,Safety,Defense,49,Practice Squad,25,"5' 11""",203,2,4426882
PIT,Pittsburgh Steelers,DeShon Elliott,DeShon,Elliott,S,Safety,Defense,25,Day-To-Day,29,"6' 0""",210,9,3929846
PIT,Pittsburgh Steelers,Bishop Fitzgerald,Bishop,Fitzgerald,S,Safety,Defense,38,Practice Squad,23,"5' 11""",201,0,5151810
PIT,Pittsburgh Steelers,Rayshawn Jenkins,Rayshawn,Jenkins,S,Safety,Defense,31,Active,32,"6' 1""",220,10,2969961
PIT,Pittsburgh Steelers,Robert Spears-Jennings,Robert,Spears-Jennings,S,Safety,Defense,28,Active,22,"6' 1""",205,0,4820584
PIT,Pittsburgh Steelers,Christian Kuntz,Christian,Kuntz,LS,Long Snapper,Special Teams,46,Active,32,"6' 1""",228,6,2978524
PIT,Pittsburgh Steelers,Cameron Johnston,Cameron,Johnston,P,Punter,Special Teams,19,Active,34,"5' 11""",194,9,3051397
PIT,Pittsburgh Steelers,Chris Boswell,Chris,Boswell,PK,Place Kicker,Special Teams,9,Active,35,"6' 2""",185,12,17372
SEA,Seattle Seahawks,Federico Maranges,Federico,Maranges,C,Center,Offense,62,Practice Squad,24,"6' 3""",302,1,4430070
SEA,Seattle Seahawks,Olu Oluwatimi,Olu,Oluwatimi,C,Center,Offense,55,Active,27,"6' 3""",309,4,4370807
SEA,Seattle Seahawks,Jalen Sundell,Jalen,Sundell,C,Center,Offense,61,Active,26,"6' 5""",301,3,4383409
SEA,Seattle Seahawks,Brock Lampe,Brock,Lampe,FB,Fullback,Offense,46,Day-To-Day,23,"6' 1""",249,1,4875767
SEA,Seattle Seahawks,Robbie Ouzts,Robbie,Ouzts,FB,Fullback,Offense,40,Day-To-Day,23,"6' 3""",274,2,4691688
SEA,Seattle Seahawks,Brady Russell,Brady,Russell,FB,Fullback,Offense,38,Active,28,"6' 3""",250,4,4243176
SEA,Seattle Seahawks,Anthony Bradford,Anthony,Bradford,G,Guard,Offense,75,Active,25,"6' 4""",335,4,4429211
SEA,Seattle Seahawks,Bryce Cabeldue,Bryce,Cabeldue,G,Guard,Offense,77,Active,25,"6' 4""",308,2,4612077
SEA,Seattle Seahawks,Christian Haynes,Christian,Haynes,G,Guard,Offense,64,Active,26,"6' 3""",317,3,4362135
SEA,Seattle Seahawks,Josh Jones,Josh,Jones,G,Guard,Offense,74,Active,29,"6' 7""",339,7,3914630
SEA,Seattle Seahawks,Mason Richman,Mason,Richman,G,Guard,Offense,78,Day-To-Day,24,"6' 5""",307,2,4432525
SEA,Seattle Seahawks,Beau Stephens,Beau,Stephens,G,Guard,Offense,60,Active,23,"6' 5""",315,0,4592823
SEA,Seattle Seahawks,Grey Zabel,Grey,Zabel,G,Guard,Offense,76,Active,24,"6' 6""",316,2,4693346
SEA,Seattle Seahawks,Logan Brown,Logan,Brown,OT,Offensive Tackle,Offense,73,Practice Squad,25,"6' 6""",312,1,4570075
SEA,Seattle Seahawks,Charles Cross,Charles,Cross,OT,Offensive Tackle,Offense,67,Active,25,"6' 5""",317,5,4426376
SEA,Seattle Seahawks,Bobby Hart,Bobby,Hart,OT,Offensive Tackle,Offense,68,Practice Squad,32,"6' 5""",310,10,2576789
SEA,Seattle Seahawks,Abraham Lucas,Abraham,Lucas,OT,Offensive Tackle,Offense,72,Active,27,"6' 6""",322,5,4245171
SEA,Seattle Seahawks,Sam Darnold,Sam,Darnold,QB,Quarterback,Offense,14,Active,29,"6' 3""",225,9,3912547
SEA,Seattle Seahawks,Drew Lock,Drew,Lock,QB,Quarterback,Offense,2,Active,29,"6' 4""",228,8,3924327
SEA,Seattle Seahawks,Jalen Milroe,Jalen,Milroe,QB,Quarterback,Offense,6,Active,23,"6' 2""",216,2,4432734
SEA,Seattle Seahawks,Zach Charbonnet,Zach,Charbonnet,RB,Running Back,Offense,26,Day-To-Day,25,"6' 1""",220,4,4426385
SEA,Seattle Seahawks,George Holani,George,Holani,RB,Running Back,Offense,36,Active,26,"5' 11""",210,3,4429835
SEA,Seattle Seahawks,Jadarian Price,Jadarian,Price,RB,Running Back,Offense,8,Active,22,"5' 11""",209,0,4685512
SEA,Seattle Seahawks,Emanuel Wilson,Emanuel,Wilson,RB,Running Back,Offense,27,Active,27,"5' 10""",226,4,4887558
SEA,Seattle Seahawks,Jacardia Wright,Jacardia,Wright,RB,Running Back,Offense,31,Practice Squad,25,"6' 0""",218,1,4428943
SEA,Seattle Seahawks,Elijah Arroyo,Elijah,Arroyo,TE,Tight End,Offense,18,Active,23,"6' 5""",254,2,4678006
SEA,Seattle Seahawks,AJ Barner,AJ,Barner,TE,Tight End,Offense,88,Active,24,"6' 6""",251,3,4576297
SEA,Seattle Seahawks,Nick Kallerup,Nick,Kallerup,TE,Tight End,Offense,89,Active,25,"6' 5""",266,2,4569547
SEA,Seattle Seahawks,Eric Saubert,Eric,Saubert,TE,Tight End,Offense,81,Active,32,"6' 5""",248,9,2975863
SEA,Seattle Seahawks,Jake Bobo,Jake,Bobo,WR,Wide Receiver,Offense,19,Day-To-Day,28,"6' 4""",211,4,4360405
SEA,Seattle Seahawks,Irv Charles,Irv,Charles,WR,Wide Receiver,Offense,85,Day-To-Day,29,"6' 4""",219,4,3929636
SEA,Seattle Seahawks,Montorie Foster Jr.,Montorie,Foster Jr.,WR,Wide Receiver,Offense,87,Active,25,"5' 11""",188,1,4600597
SEA,Seattle Seahawks,Emmanuel Henderson Jr.,Emmanuel,Henderson Jr.,WR,Wide Receiver,Offense,84,Practice Squad,23,"6' 1""",185,0,4685381
SEA,Seattle Seahawks,Julian Hicks,Julian,Hicks,WR,Wide Receiver,Offense,1,Practice Squad,26,"6' 2""",201,1,4244768
SEA,Seattle Seahawks,Tory Horton,Tory,Horton,WR,Wide Receiver,Offense,15,Active,23,"6' 2""",196,2,4597703
SEA,Seattle Seahawks,Velus Jones Jr.,Velus,Jones Jr.,WR,Wide Receiver,Offense,33,Practice Squad,29,"6' 0""",204,6,4035693
SEA,Seattle Seahawks,Cooper Kupp,Cooper,Kupp,WR,Wide Receiver,Offense,10,Active,33,"6' 1""",205,10,2977187
SEA,Seattle Seahawks,Rashid Shaheed,Rashid,Shaheed,WR,Wide Receiver,Offense,22,Active,28,"6' 0""",180,5,4032473
SEA,Seattle Seahawks,Jaxon Smith-Njigba,Jaxon,Smith-Njigba,WR,Wide Receiver,Offense,11,Active,24,"6' 0""",197,4,4430878
SEA,Seattle Seahawks,Ricky White III,Ricky,White III,WR,Wide Receiver,Offense,86,Practice Squad,24,"6' 1""",181,1,4431479
SEA,Seattle Seahawks,Terrion Arnold,Terrion,Arnold,CB,Cornerback,Defense,,News,23,"6' 0""",195,4,4592837
SEA,Seattle Seahawks,Michael Dansby,Michael,Dansby,CB,Cornerback,Defense,37,Practice Squad,22,"5' 11""",185,0,2094390
SEA,Seattle Seahawks,Trevon Diggs,Trevon,Diggs,CB,Cornerback,Defense,,Practice Squad,27,"6' 1""",202,6,4040966
SEA,Seattle Seahawks,Andre Fuller,Andre,Fuller,CB,Cornerback,Defense,35,Practice Squad,24,"6' 1""",200,0,4693934
SEA,Seattle Seahawks,Josh Jobe,Josh,Jobe,CB,Cornerback,Defense,29,Active,28,"5' 11""",190,5,4372020
SEA,Seattle Seahawks,Julian Neal,Julian,Neal,CB,Cornerback,Defense,1,Active,23,"6' 2""",203,0,4684543
SEA,Seattle Seahawks,Nehemiah Pritchett,Nehemiah,Pritchett,CB,Cornerback,Defense,28,Active,25,"6' 0""",190,3,4567222
SEA,Seattle Seahawks,Avery Smith,Avery,Smith,CB,Cornerback,Defense,3,Active,22,"5' 10""",185,0,5082331
SEA,Seattle Seahawks,Devon Witherspoon,Devon,Witherspoon,CB,Cornerback,Defense,21,Active,25,"6' 0""",185,4,4575431
SEA,Seattle Seahawks,Mike Morris,Mike,Morris,DE,Defensive End,Defense,94,Active,25,"6' 6""",306,4,4572055
SEA,Seattle Seahawks,Deven Eastern,Deven,Eastern,DT,Defensive Tackle,Defense,97,Practice Squad,23,"6' 5""",320,0,4609203
SEA,Seattle Seahawks,Rylie Mills,Rylie,Mills,DT,Defensive Tackle,Defense,98,Active,25,"6' 5""",296,1,4430838
SEA,Seattle Seahawks,Byron Murphy II,Byron,Murphy II,DT,Defensive Tackle,Defense,91,Active,23,"6' 0""",306,3,4570040
SEA,Seattle Seahawks,Brandon Pili,Brandon,Pili,DT,Defensive Tackle,Defense,95,Active,27,"6' 3""",334,4,4259651
SEA,Seattle Seahawks,Jarran Reed,Jarran,Reed,DT,Defensive Tackle,Defense,90,Active,33,"6' 3""",315,11,3115312
SEA,Seattle Seahawks,Leonard Williams,Leonard,Williams,DT,Defensive Tackle,Defense,99,Active,32,"6' 5""",310,12,2971622
SEA,Seattle Seahawks,Dante Fowler Jr.,Dante,Fowler Jr.,LB,Linebacker,Defense,56,Active,32,"6' 3""",264,12,2980100
SEA,Seattle Seahawks,Derick Hall,Derick,Hall,LB,Linebacker,Defense,58,Active,25,"6' 3""",260,4,4567226
SEA,Seattle Seahawks,Aidan Hubbard,Aidan,Hubbard,LB,Linebacker,Defense,93,Practice Squad,23,"6' 4""",259,0,4603089
SEA,Seattle Seahawks,Ernest Jones IV,Ernest,Jones IV,LB,Linebacker,Defense,13,Active,26,"6' 2""",233,6,4362851
SEA,Seattle Seahawks,Marvin Jones Jr.,Marvin,Jones Jr.,LB,Linebacker,Defense,59,Practice Squad,22,"6' 5""",245,0,4685425
SEA,Seattle Seahawks,Tyrice Knight,Tyrice,Knight,LB,Linebacker,Defense,48,Active,25,"6' 0""",233,3,4686540
SEA,Seattle Seahawks,DeMarcus Lawrence,DeMarcus,Lawrence,LB,Linebacker,Defense,0,Active,34,"6' 3""",254,13,16802
SEA,Seattle Seahawks,Uchenna Nwosu,Uchenna,Nwosu,LB,Linebacker,Defense,7,Active,29,"6' 2""",265,9,3120358
SEA,Seattle Seahawks,Patrick O'Connell,Patrick,O'Connell,LB,Linebacker,Defense,52,Active,27,"6' 1""",231,3,4364623
SEA,Seattle Seahawks,Connor O'Toole,Connor,O'Toole,LB,Linebacker,Defense,57,Active,24,"6' 3""",248,2,4605491
SEA,Seattle Seahawks,Aaron Smith,Aaron,Smith,LB,Linebacker,Defense,42,Day-To-Day,24,"6' 0""",234,1,4749258
SEA,Seattle Seahawks,Chazz Surratt,Chazz,Surratt,LB,Linebacker,Defense,44,Active,29,"6' 2""",233,5,4037521
SEA,Seattle Seahawks,Drake Thomas,Drake,Thomas,LB,Linebacker,Defense,32,Active,26,"5' 11""",228,4,4428659
SEA,Seattle Seahawks,Bud Clark,Bud,Clark,S,Safety,Defense,9,Day-To-Day,24,"6' 1""",188,0,4430262
SEA,Seattle Seahawks,Nick Emmanwori,Nick,Emmanwori,S,Safety,Defense,3,Active,22,"6' 3""",220,2,4869523
SEA,Seattle Seahawks,AJ Finley,AJ,Finley,S,Safety,Defense,30,Practice Squad,24,"6' 2""",202,4,4427190
SEA,Seattle Seahawks,Maxen Hook,Maxen,Hook,S,Safety,Defense,43,Practice Squad,25,"6' 0""",205,1,4431145
SEA,Seattle Seahawks,Julian Love,Julian,Love,S,Safety,Defense,20,Active,28,"5' 11""",195,8,4046675
SEA,Seattle Seahawks,Ty Okada,Ty,Okada,S,Safety,Defense,39,Active,27,"5' 11""",200,2,4247808
SEA,Seattle Seahawks,Rodney Thomas II,Rodney,Thomas II,S,Safety,Defense,24,Practice Squad,28,"6' 1""",196,5,4248455
SEA,Seattle Seahawks,Chris Stoll,Chris,Stoll,LS,Long Snapper,Special Teams,41,Active,28,"6' 2""",255,4,4259606
SEA,Seattle Seahawks,Michael Dickson,Michael,Dickson,P,Punter,Special Teams,4,Active,30,"6' 2""",208,9,3929851
SEA,Seattle Seahawks,Jason Myers,Jason,Myers,PK,Place Kicker,Special Teams,5,Active,35,"5' 10""",190,12,2473037
SF,San Francisco 49ers,Jake Brendel,Jake,Brendel,C,Center,Offense,64,Active,33,"6' 4""",299,9,2577185
SF,San Francisco 49ers,Drake Nugent,Drake,Nugent,C,Center,Offense,66,Practice Squad,25,"6' 1""",300,1,4428144
SF,San Francisco 49ers,Brett Toth,Brett,Toth,C,Center,Offense,78,Day-To-Day,30,"6' 6""",304,7,3129116
SF,San Francisco 49ers,Kyle Juszczyk,Kyle,Juszczyk,FB,Fullback,Offense,44,Active,35,"6' 2""",235,14,16002
SF,San Francisco 49ers,Connor Colby,Connor,Colby,G,Guard,Offense,75,Active,23,"6' 5""",309,2,4431523
SF,San Francisco 49ers,Jarrett Patterson,Jarrett,Patterson,G,Guard,Offense,54,Active,27,"6' 4""",310,4,4372774
SF,San Francisco 49ers,Dominick Puni,Dominick,Puni,G,Guard,Offense,77,Active,26,"6' 5""",313,3,5092959
SF,San Francisco 49ers,Isaac Alarcon,Isaac,Alarcon,OT,Offensive Tackle,Offense,67,Practice Squad,28,"6' 7""",320,1,4686629
SF,San Francisco 49ers,Enrique Cruz Jr.,Enrique,Cruz Jr.,OT,Offensive Tackle,Offense,69,Active,23,"6' 5""",313,0,4691556
SF,San Francisco 49ers,Vederian Lowe,Vederian,Lowe,OT,Offensive Tackle,Offense,76,Active,27,"6' 6""",320,5,4240554
SF,San Francisco 49ers,Colton McKivitz,Colton,McKivitz,OT,Offensive Tackle,Offense,68,Active,30,"6' 6""",301,7,3916075
SF,San Francisco 49ers,Austen Pleasants,Austen,Pleasants,OT,Offensive Tackle,Offense,62,Day-To-Day,29,"6' 7""",330,2,3920814
SF,San Francisco 49ers,Foster Sarell,Foster,Sarell,OT,Offensive Tackle,Offense,,Practice Squad,28,"6' 7""",315,5,4242555
SF,San Francisco 49ers,Trent Williams,Trent,Williams,OT,Offensive Tackle,Offense,71,Active,38,"6' 5""",320,17,13241
SF,San Francisco 49ers,Carver Willis,Carver,Willis,OT,Offensive Tackle,Offense,74,Active,24,"6' 5""",303,0,4565779
SF,San Francisco 49ers,Nick Zakelj,Nick,Zakelj,OT,Offensive Tackle,Offense,63,Day-To-Day,27,"6' 6""",316,4,4247590
SF,San Francisco 49ers,Mac Jones,Mac,Jones,QB,Quarterback,Offense,10,Active,28,"6' 3""",220,6,4241464
SF,San Francisco 49ers,Brock Purdy,Brock,Purdy,QB,Quarterback,Offense,13,Active,26,"6' 1""",220,5,4361741
SF,San Francisco 49ers,Kurtis Rourke,Kurtis,Rourke,QB,Quarterback,Offense,14,Active,25,"6' 4""",220,1,4430431
SF,San Francisco 49ers,Kaelon Black,Kaelon,Black,RB,Running Back,Offense,26,Active,24,"5' 9""",208,0,4696044
SF,San Francisco 49ers,Isaac Guerendo,Isaac,Guerendo,RB,Running Back,Offense,31,Day-To-Day,26,"6' 0""",221,3,4372561
SF,San Francisco 49ers,Jordan James,Jordan,James,RB,Running Back,Offense,29,Active,22,"5' 9""",208,2,4685397
SF,San Francisco 49ers,Christian McCaffrey,Christian,McCaffrey,RB,Running Back,Offense,23,Active,30,"5' 11""",210,10,3117251
SF,San Francisco 49ers,Sincere McCormick,Sincere,McCormick,RB,Running Back,Offense,35,Practice Squad,25,"5' 8""",204,3,4430104
SF,San Francisco 49ers,Khalil Dinkins,Khalil,Dinkins,TE,Tight End,Offense,43,Practice Squad,24,"6' 4""",226,0,4699678
SF,San Francisco 49ers,Luke Farrell,Luke,Farrell,TE,Tight End,Offense,89,Active,28,"6' 5""",250,6,4040612
SF,San Francisco 49ers,George Kittle,George,Kittle,TE,Tight End,Offense,85,Active,32,"6' 4""",250,10,3040151
SF,San Francisco 49ers,Jake Tonges,Jake,Tonges,TE,Tight End,Offense,88,Active,27,"6' 4""",240,4,4259147
SF,San Francisco 49ers,Brandon Aiyuk,Brandon,Aiyuk,WR,Wide Receiver,Offense,11,Active,28,"6' 0""",200,6,4360438
SF,San Francisco 49ers,Jacob Cowing,Jacob,Cowing,WR,Wide Receiver,Offense,6,Active,25,"5' 9""",171,3,4575665
SF,San Francisco 49ers,Mike Evans,Mike,Evans,WR,Wide Receiver,Offense,5,Active,33,"6' 5""",231,13,16737
SF,San Francisco 49ers,Wesley Grimes,Wesley,Grimes,WR,Wide Receiver,Offense,18,Practice Squad,22,"6' 2""",194,0,4888723
SF,San Francisco 49ers,KhaDarel Hodge,KhaDarel,Hodge,WR,Wide Receiver,Offense,86,Practice Squad,31,"6' 2""",210,9,3047876
SF,San Francisco 49ers,Christian Kirk,Christian,Kirk,WR,Wide Receiver,Offense,3,Day-To-Day,29,"5' 11""",200,9,3895856
SF,San Francisco 49ers,Will Pauling,Will,Pauling,WR,Wide Receiver,Offense,84,Practice Squad,23,"5' 9""",183,0,4683114
SF,San Francisco 49ers,Ricky Pearsall,Ricky,Pearsall,WR,Wide Receiver,Offense,1,Day-To-Day,25,"6' 1""",189,3,4428209
SF,San Francisco 49ers,Demarcus Robinson,Demarcus,Robinson,WR,Wide Receiver,Offense,7,Active,31,"6' 1""",202,11,3043116
SF,San Francisco 49ers,Deebo Samuel Sr.,Deebo,Samuel Sr.,WR,Wide Receiver,Offense,19,Active,30,"6' 0""",215,8,3126486
SF,San Francisco 49ers,De'Zhaun Stribling,De'Zhaun,Stribling,WR,Wide Receiver,Offense,15,Active,23,"6' 2""",207,0,4710714
SF,San Francisco 49ers,Jordan Watkins,Jordan,Watkins,WR,Wide Receiver,Offense,17,Active,24,"5' 11""",196,2,4431466
SF,San Francisco 49ers,Brandon Codrington,Brandon,Codrington,CB,Cornerback,Defense,,Practice Squad,25,"5' 9""",185,3,4576069
SF,San Francisco 49ers,Renardo Green,Renardo,Green,CB,Cornerback,Defense,0,Active,25,"6' 0""",186,3,4427325
SF,San Francisco 49ers,Nate Hobbs,Nate,Hobbs,CB,Cornerback,Defense,22,Day-To-Day,27,"6' 0""",195,6,4240542
SF,San Francisco 49ers,Jack Jones,Jack,Jones,CB,Cornerback,Defense,25,Active,28,"5' 11""",175,5,4035686
SF,San Francisco 49ers,Deommodore Lenoir,Deommodore,Lenoir,CB,Cornerback,Defense,2,Active,26,"5' 10""",200,6,4242488
SF,San Francisco 49ers,Siran Neal,Siran,Neal,CB,Cornerback,Defense,33,Active,32,"6' 0""",206,9,3057524
SF,San Francisco 49ers,Ephesians Prysock,Ephesians,Prysock,CB,Cornerback,Defense,35,Active,23,"6' 3""",196,0,4685523
SF,San Francisco 49ers,Jakob Robinson,Jakob,Robinson,CB,Cornerback,Defense,43,Practice Squad,25,"5' 10""",181,2,4612272
SF,San Francisco 49ers,Upton Stout,Upton,Stout,CB,Cornerback,Defense,20,Active,24,"5' 9""",181,2,4565200
SF,San Francisco 49ers,Vincent Anthony Jr.,Vincent,Anthony Jr.,DE,Defensive End,Defense,,Practice Squad,22,"6' 6""",260,0,4875123
SF,San Francisco 49ers,Nick Bosa,Nick,Bosa,DE,Defensive End,Defense,97,Active,28,"6' 4""",266,8,4040605
SF,San Francisco 49ers,Andrew Farmer II,Andrew,Farmer II,DE,Defensive End,Defense,50,Day-To-Day,26,"6' 4""",250,2,4394894
SF,San Francisco 49ers,Romello Height,Romello,Height,DE,Defensive End,Defense,94,Active,25,"6' 2""",239,0,4432244
SF,San Francisco 49ers,Mikail Kamara,Mikail,Kamara,DE,Defensive End,Defense,59,Day-To-Day,24,"6' 1""",265,0,4696051
SF,San Francisco 49ers,Keion White,Keion,White,DE,Defensive End,Defense,56,Active,27,"6' 5""",290,4,4243493
SF,San Francisco 49ers,Mykel Williams,Mykel,Williams,DE,Defensive End,Defense,98,Day-To-Day,22,"6' 5""",267,2,4685623
SF,San Francisco 49ers,Khalid Kareem,Khalid,Kareem,DL,Defensive Lineman,Defense,,Active,28,"6' 4""",268,4,4039029
SF,San Francisco 49ers,Alfred Collins,Alfred,Collins,DT,Defensive Tackle,Defense,95,Active,24,"6' 5""",332,2,4430835
SF,San Francisco 49ers,Kevin Givens,Kevin,Givens,DT,Defensive Tackle,Defense,90,Practice Squad,29,"6' 1""",285,7,3929641
SF,San Francisco 49ers,Gracen Halton,Gracen,Halton,DT,Defensive Tackle,Defense,93,Active,22,"6' 2""",293,0,4685369
SF,San Francisco 49ers,Osa Odighizuwa,Osa,Odighizuwa,DT,Defensive Tackle,Defense,92,Active,28,"6' 2""",294,6,4035840
SF,San Francisco 49ers,Sam Okuayinonu,Sam,Okuayinonu,DT,Defensive Tackle,Defense,91,Day-To-Day,28,"6' 1""",269,4,4569497
SF,San Francisco 49ers,James Thompson Jr.,James,Thompson Jr.,DT,Defensive Tackle,Defense,75,Active,24,"6' 6""",308,0,4693371
SF,San Francisco 49ers,Sebastian Valdez,Sebastian,Valdez,DT,Defensive Tackle,Defense,55,Practice Squad,24,"6' 3""",301,1,4775220
SF,San Francisco 49ers,C.J. West,C.J.,West,DT,Defensive Tackle,Defense,99,Active,24,"6' 1""",316,2,4686308
SF,San Francisco 49ers,Tatum Bethune,Tatum,Bethune,LB,Linebacker,Defense,48,Active,25,"6' 1""",230,3,4426698
SF,San Francisco 49ers,Jaden Dugger,Jaden,Dugger,LB,Linebacker,Defense,53,Active,22,"6' 4""",240,0,5086161
SF,San Francisco 49ers,Luke Gifford,Luke,Gifford,LB,Linebacker,Defense,51,Active,31,"6' 3""",243,8,3116097
SF,San Francisco 49ers,Jalen Graham,Jalen,Graham,LB,Linebacker,Defense,41,Practice Squad,25,"6' 3""",220,3,4570410
SF,San Francisco 49ers,Dre Greenlaw,Dre,Greenlaw,LB,Linebacker,Defense,57,Active,29,"6' 0""",230,8,3916903
SF,San Francisco 49ers,Nick Martin,Nick,Martin,LB,Linebacker,Defense,45,Day-To-Day,23,"5' 11""",221,2,4573188
SF,San Francisco 49ers,Ogbo Okoronkwo,Ogbo,Okoronkwo,LB,Linebacker,Defense,59,Practice Squad,31,"6' 2""",253,9,3052667
SF,San Francisco 49ers,Garret Wallow,Garret,Wallow,LB,Linebacker,Defense,49,Active,27,"6' 2""",230,6,4241807
SF,San Francisco 49ers,Fred Warner,Fred,Warner,LB,Linebacker,Defense,54,Active,29,"6' 3""",230,9,3138826
SF,San Francisco 49ers,Ji'Ayir Brown,Ji'Ayir,Brown,S,Safety,Defense,27,Active,26,"5' 11""",202,4,4693644
SF,San Francisco 49ers,Ashtyn Davis,Ashtyn,Davis,S,Safety,Defense,29,Active,29,"6' 1""",205,7,3858271
SF,San Francisco 49ers,Darrick Forrest,Darrick,Forrest,S,Safety,Defense,29,Day-To-Day,27,"5' 11""",200,5,4239088
SF,San Francisco 49ers,Malik Mustapha,Malik,Mustapha,S,Safety,Defense,6,Active,24,"5' 10""",206,3,4696211
SF,San Francisco 49ers,Marques Sigle,Marques,Sigle,S,Safety,Defense,36,Active,24,"5' 11""",199,2,4693337
SF,San Francisco 49ers,Jalen Stroman,Jalen,Stroman,S,Safety,Defense,38,Practice Squad,23,"6' 1""",203,0,4683155
SF,San Francisco 49ers,Jon Weeks,Jon,Weeks,LS,Long Snapper,Special Teams,46,Active,40,"5' 10""",242,17,13729
SF,San Francisco 49ers,Corliss Waitman,Corliss,Waitman,P,Punter,Special Teams,7,Active,31,"6' 2""",210,4,3125280
SF,San Francisco 49ers,Eddy Pineiro,Eddy,Pineiro,PK,Place Kicker,Special Teams,18,Active,30,"5' 11""",190,9,4034949
TB,Tampa Bay Buccaneers,Graham Barton,Graham,Barton,C,Center,Offense,62,Active,24,"6' 5""",314,3,4429251
TB,Tampa Bay Buccaneers,Ben Bredeson,Ben,Bredeson,G,Guard,Offense,68,Active,28,"6' 5""",315,7,4046551
TB,Tampa Bay Buccaneers,Dan Feeney,Dan,Feeney,G,Guard,Offense,65,Active,32,"6' 4""",310,10,2979482
TB,Tampa Bay Buccaneers,Luke Haggard,Luke,Haggard,G,Guard,Offense,72,Active,26,"6' 7""",305,2,4686884
TB,Tampa Bay Buccaneers,Henry Lutovsky,Henry,Lutovsky,G,Guard,Offense,61,Practice Squad,23,"6' 6""",319,0,4594329
TB,Tampa Bay Buccaneers,Cody Mauch,Cody,Mauch,G,Guard,Offense,69,Active,27,"6' 6""",303,4,4248545
TB,Tampa Bay Buccaneers,Billy Schrauth,Billy,Schrauth,G,Guard,Offense,75,Active,22,"6' 4""",310,0,4685549
TB,Tampa Bay Buccaneers,Ben Scott,Ben,Scott,G,Guard,Offense,66,Practice Squad,25,"6' 5""",310,1,4569202
TB,Tampa Bay Buccaneers,Benjamin Chukwuma,Benjamin,Chukwuma,OT,Offensive Tackle,Offense,70,Active,25,"6' 6""",310,2,4690787
TB,Tampa Bay Buccaneers,Luke Goedeke,Luke,Goedeke,OT,Offensive Tackle,Offense,67,Active,27,"6' 5""",312,5,4380507
TB,Tampa Bay Buccaneers,Paul Rubelt,Paul,Rubelt,OT,Offensive Tackle,Offense,76,Practice Squad,26,"6' 10""",313,0,4567896
TB,Tampa Bay Buccaneers,Justin Skule,Justin,Skule,OT,Offensive Tackle,Offense,77,Active,29,"6' 6""",315,7,3915777
TB,Tampa Bay Buccaneers,Tristan Wirfs,Tristan,Wirfs,OT,Offensive Tackle,Offense,78,Active,27,"6' 5""",320,7,4240589
TB,Tampa Bay Buccaneers,Jalon Daniels,Jalon,Daniels,QB,Quarterback,Offense,10,Active,23,"6' 1""",219,0,4596472
TB,Tampa Bay Buccaneers,Baker Mayfield,Baker,Mayfield,QB,Quarterback,Offense,6,Active,31,"6' 1""",215,9,3052587
TB,Tampa Bay Buccaneers,Easton Stick,Easton,Stick,QB,Quarterback,Offense,,Practice Squad,30,"6' 1""",224,7,3120590
TB,Tampa Bay Buccaneers,Kenny Gainwell,Kenny,Gainwell,RB,Running Back,Offense,1,Active,27,"5' 9""",200,6,4371733
TB,Tampa Bay Buccaneers,Bucky Irving,Bucky,Irving,RB,Running Back,Offense,7,Active,24,"5' 10""",195,3,4596448
TB,Tampa Bay Buccaneers,Sean Tucker,Sean,Tucker,RB,Running Back,Offense,44,Active,24,"5' 10""",205,4,4430871
TB,Tampa Bay Buccaneers,Josh Williams,Josh,Williams,RB,Running Back,Offense,18,Practice Squad,25,"5' 9""",210,2,4568024
TB,Tampa Bay Buccaneers,CJ Dippre,CJ,Dippre,TE,Tight End,Offense,,Practice Squad,24,"6' 5""",256,2,4596545
TB,Tampa Bay Buccaneers,Payne Durham,Payne,Durham,TE,Tight End,Offense,87,Active,26,"6' 5""",255,4,4372505
TB,Tampa Bay Buccaneers,Ko Kieft,Ko,Kieft,TE,Tight End,Offense,41,Active,28,"6' 5""",265,5,4034779
TB,Tampa Bay Buccaneers,Cade Otton,Cade,Otton,TE,Tight End,Offense,88,Active,27,"6' 5""",247,5,4243331
TB,Tampa Bay Buccaneers,Bauer Sharp,Bauer,Sharp,TE,Tight End,Offense,84,Active,23,"6' 4""",246,0,4890373
TB,Tampa Bay Buccaneers,Emeka Egbuka,Emeka,Egbuka,WR,Wide Receiver,Offense,2,Active,23,"6' 1""",205,2,4567750
TB,Tampa Bay Buccaneers,Chris Godwin Jr.,Chris,Godwin Jr.,WR,Wide Receiver,Offense,14,Active,30,"6' 1""",209,10,3116165
TB,Tampa Bay Buccaneers,Garrett Greene,Garrett,Greene,WR,Wide Receiver,Offense,85,Practice Squad,24,"5' 11""",201,1,4429847
TB,Tampa Bay Buccaneers,Ted Hurst III,Ted,Hurst III,WR,Wide Receiver,Offense,17,Active,22,"6' 3""",185,0,5220680
TB,Tampa Bay Buccaneers,Kameron Johnson,Kameron,Johnson,WR,Wide Receiver,Offense,19,Active,24,"5' 10""",170,3,5097554
TB,Tampa Bay Buccaneers,Tez Johnson,Tez,Johnson,WR,Wide Receiver,Offense,15,Active,24,"5' 10""",165,2,4608810
TB,Tampa Bay Buccaneers,Jalen McMillan,Jalen,McMillan,WR,Wide Receiver,Offense,11,Active,24,"6' 1""",192,3,4430834
TB,Tampa Bay Buccaneers,Dean Patterson,Dean,Patterson,WR,Wide Receiver,Offense,8,Practice Squad,24,"6' 2""",200,0,4875613
TB,Tampa Bay Buccaneers,Eric Rivers Jr.,Eric,Rivers Jr.,WR,Wide Receiver,Offense,83,Practice Squad,23,"5' 10""",176,0,4713277
TB,Tampa Bay Buccaneers,David Sills V,David,Sills V,WR,Wide Receiver,Offense,80,Day-To-Day,30,"6' 3""",211,4,3871102
TB,Tampa Bay Buccaneers,Ayden Garnes,Ayden,Garnes,CB,Cornerback,Defense,24,Active,23,"6' 0""",181,0,4890885
TB,Tampa Bay Buccaneers,Josh Hayes,Josh,Hayes,CB,Cornerback,Defense,32,Day-To-Day,27,"6' 0""",190,4,4248533
TB,Tampa Bay Buccaneers,Kevin Knowles,Kevin,Knowles,CB,Cornerback,Defense,,Active,23,"5' 11""",190,3,4602648
TB,Tampa Bay Buccaneers,Zyon McCollum,Zyon,McCollum,CB,Cornerback,Defense,27,Active,27,"6' 2""",199,5,4250392
TB,Tampa Bay Buccaneers,Benjamin Morrison,Benjamin,Morrison,CB,Cornerback,Defense,21,Active,22,"6' 0""",190,2,4816107
TB,Tampa Bay Buccaneers,Sean Murphy-Bunting,Sean,Murphy-Bunting,CB,Cornerback,Defense,,Practice Squad,29,"6' 0""",195,7,3932886
TB,Tampa Bay Buccaneers,Jacob Parrish,Jacob,Parrish,CB,Cornerback,Defense,25,Active,22,"5' 10""",198,2,4912847
TB,Tampa Bay Buccaneers,Keionte Scott,Keionte,Scott,CB,Cornerback,Defense,22,Active,25,"6' 0""",195,0,5093694
TB,Tampa Bay Buccaneers,Elijah Roberts,Elijah,Roberts,DE,Defensive End,Defense,95,Active,24,"6' 4""",295,2,4690795
TB,Tampa Bay Buccaneers,DeMonte Capehart,DeMonte,Capehart,DT,Defensive Tackle,Defense,90,Active,24,"6' 5""",315,0,4429007
TB,Tampa Bay Buccaneers,Jayson Jones,Jayson,Jones,DT,Defensive Tackle,Defense,93,Practice Squad,24,"6' 6""",340,1,4431184
TB,Tampa Bay Buccaneers,Calijah Kancey,Calijah,Kancey,DT,Defensive Tackle,Defense,94,Active,25,"6' 0""",280,4,4427673
TB,Tampa Bay Buccaneers,Deshawn McKnight,Deshawn,McKnight,DT,Defensive Tackle,Defense,73,Day-To-Day,23,"6' 1""",283,0,4683248
TB,Tampa Bay Buccaneers,Rakeem Nunez-Roches,Rakeem,Nunez-Roches,DT,Defensive Tackle,Defense,56,Active,33,"6' 2""",305,12,2575453
TB,Tampa Bay Buccaneers,A'Shawn Robinson,A'Shawn,Robinson,DT,Defensive Tackle,Defense,91,Active,31,"6' 3""",320,11,3054857
TB,Tampa Bay Buccaneers,Elijah Simmons,Elijah,Simmons,DT,Defensive Tackle,Defense,92,Active,25,"6' 1""",335,2,4430478
TB,Tampa Bay Buccaneers,Vita Vea,Vita,Vea,DT,Defensive Tackle,Defense,50,Active,31,"6' 4""",347,9,3134362
TB,Tampa Bay Buccaneers,Alex Anzalone,Alex,Anzalone,LB,Linebacker,Defense,34,Active,31,"6' 3""",234,10,3043107
TB,Tampa Bay Buccaneers,Rueben Bain Jr.,Rueben,Bain Jr.,LB,Linebacker,Defense,3,Active,21,"6' 3""",270,0,4870617
TB,Tampa Bay Buccaneers,SirVocea Dennis,SirVocea,Dennis,LB,Linebacker,Defense,8,Active,26,"6' 0""",230,4,4429511
TB,Tampa Bay Buccaneers,Yaya Diaby,Yaya,Diaby,LB,Linebacker,Defense,0,Active,27,"6' 4""",270,4,4686334
TB,Tampa Bay Buccaneers,Yasir Holmes,Yasir,Holmes,LB,Linebacker,Defense,57,Practice Squad,23,"6' 4""",240,0,5225091
TB,Tampa Bay Buccaneers,Mohamed Kamara,Mohamed,Kamara,LB,Linebacker,Defense,59,Day-To-Day,27,"6' 1""",253,2,4427677
TB,Tampa Bay Buccaneers,Al-Quadin Muhammad,Al-Quadin,Muhammad,LB,Linebacker,Defense,97,Active,31,"6' 3""",250,9,3051942
TB,Tampa Bay Buccaneers,Anthony Nelson,Anthony,Nelson,LB,Linebacker,Defense,98,Active,29,"6' 7""",271,8,3894856
TB,Tampa Bay Buccaneers,Christian Rozeboom,Christian,Rozeboom,LB,Linebacker,Defense,52,Active,29,"6' 2""",230,6,3909013
TB,Tampa Bay Buccaneers,Josiah Trotter,Josiah,Trotter,LB,Linebacker,Defense,45,Active,21,"6' 2""",237,0,4870998
TB,Tampa Bay Buccaneers,David Walker,David,Walker,LB,Linebacker,Defense,51,Active,26,"6' 2""",260,2,5085355
TB,Tampa Bay Buccaneers,Javin Wright,Javin,Wright,LB,Linebacker,Defense,48,Practice Squad,26,"6' 4""",232,0,4428941
TB,Tampa Bay Buccaneers,Miles Killebrew,Miles,Killebrew,S,Safety,Defense,29,Active,33,"6' 2""",222,11,2575164
TB,Tampa Bay Buccaneers,Ifeatu Melifonwu,Ifeatu,Melifonwu,S,Safety,Defense,35,Practice Squad,27,"6' 3""",210,6,4240401
TB,Tampa Bay Buccaneers,JJ Roberts,JJ,Roberts,S,Safety,Defense,36,Practice Squad,24,"6' 0""",195,2,4566165
TB,Tampa Bay Buccaneers,Tykee Smith,Tykee,Smith,S,Safety,Defense,23,Active,25,"5' 10""",202,3,4428522
TB,Tampa Bay Buccaneers,Silas Walters,Silas,Walters,S,Safety,Defense,,Practice Squad,24,"5' 11""",199,0,4880219
TB,Tampa Bay Buccaneers,Xavier Williams,Xavier,Williams,S,Safety,Defense,26,Day-To-Day,23,"6' 2""",220,0,5164887
TB,Tampa Bay Buccaneers,Antoine Winfield Jr.,Antoine,Winfield Jr.,S,Safety,Defense,31,Active,28,"5' 9""",203,7,4034790
TB,Tampa Bay Buccaneers,Evan Deckers,Evan,Deckers,LS,Long Snapper,Special Teams,86,Active,27,"6' 3""",252,3,4361727
TB,Tampa Bay Buccaneers,Riley Dixon,Riley,Dixon,P,Punter,Special Teams,9,Active,33,"6' 4""",221,11,2577619
TB,Tampa Bay Buccaneers,Chase McLaughlin,Chase,McLaughlin,PK,Place Kicker,Special Teams,4,Active,30,"6' 0""",190,8,3150744
TEN,Tennessee Titans,Pat Coogan,Pat,Coogan,C,Center,Offense,79,Active,23,"6' 5""",310,0,4596542
TEN,Tennessee Titans,Andre James,Andre,James,C,Center,Offense,61,Day-To-Day,29,"6' 4""",300,8,3932244
TEN,Tennessee Titans,Austin Schlottmann,Austin,Schlottmann,C,Center,Offense,51,Active,30,"6' 6""",300,8,4038544
TEN,Tennessee Titans,Fernando Carmona,Fernando,Carmona,G,Guard,Offense,66,Active,24,"6' 5""",316,0,4710000
TEN,Tennessee Titans,Garrett Dellinger,Garrett,Dellinger,G,Guard,Offense,71,Active,24,"6' 5""",320,1,4431252
TEN,Tennessee Titans,Drew Moss,Drew,Moss,G,Guard,Offense,67,Practice Squad,23,"6' 3""",303,2,4879480
TEN,Tennessee Titans,Peter Skoronski,Peter,Skoronski,G,Guard,Offense,77,Active,25,"6' 4""",313,4,4429100
TEN,Tennessee Titans,Jackson Slater,Jackson,Slater,G,Guard,Offense,64,Active,23,"6' 3""",311,2,4876319
TEN,Tennessee Titans,Brandon Crenshaw-Dickson,Brandon,Crenshaw-Dickson,OT,Offensive Tackle,Offense,78,Active,25,"6' 7""",316,2,4426987
TEN,Tennessee Titans,James Hudson III,James,Hudson III,OT,Offensive Tackle,Offense,,Active,27,"6' 5""",310,6,4258181
TEN,Tennessee Titans,JC Latham,JC,Latham,OT,Offensive Tackle,Offense,55,Active,23,"6' 6""",342,3,4431437
TEN,Tennessee Titans,Rasheed Miller,Rasheed,Miller,OT,Offensive Tackle,Offense,62,Practice Squad,25,"6' 7""",301,0,4568699
TEN,Tennessee Titans,Dan Moore Jr.,Dan,Moore Jr.,OT,Offensive Tackle,Offense,75,Active,27,"6' 5""",315,6,4240920
TEN,Tennessee Titans,Hendon Hooker,Hendon,Hooker,QB,Quarterback,Offense,16,Practice Squad,28,"6' 3""",220,3,4240858
TEN,Tennessee Titans,Mitchell Trubisky,Mitchell,Trubisky,QB,Quarterback,Offense,10,Active,32,"6' 3""",222,10,3039707
TEN,Tennessee Titans,Cam Ward,Cam,Ward,QB,Quarterback,Offense,1,Active,24,"6' 2""",219,2,4688380
TEN,Tennessee Titans,Michael Carter,Michael,Carter,RB,Running Back,Offense,35,Practice Squad,27,"5' 8""",201,5,4240657
TEN,Tennessee Titans,Julius Chestnut,Julius,Chestnut,RB,Running Back,Offense,36,Active,25,"5' 11""",228,5,4367567
TEN,Tennessee Titans,Kalel Mullings,Kalel,Mullings,RB,Running Back,Offense,31,Practice Squad,23,"6' 2""",226,2,4429121
TEN,Tennessee Titans,Tony Pollard,Tony,Pollard,RB,Running Back,Offense,20,Active,29,"6' 0""",209,8,3916148
TEN,Tennessee Titans,Nicholas Singleton,Nicholas,Singleton,RB,Running Back,Offense,32,Active,22,"6' 0""",219,0,4685555
TEN,Tennessee Titans,Tyjae Spears,Tyjae,Spears,RB,Running Back,Offense,2,Active,25,"5' 11""",195,4,4428557
TEN,Tennessee Titans,Daniel Bellinger,Daniel,Bellinger,TE,Tight End,Offense,82,Active,25,"6' 6""",255,5,4361516
TEN,Tennessee Titans,Kylen Granson,Kylen,Granson,TE,Tight End,Offense,86,Active,28,"6' 3""",242,6,4039160
TEN,Tennessee Titans,Gunnar Helm,Gunnar,Helm,TE,Tight End,Offense,84,Active,23,"6' 5""",241,2,4686728
TEN,Tennessee Titans,Jaren Kanak,Jaren,Kanak,TE,Tight End,Offense,81,Day-To-Day,22,"6' 2""",234,0,4877034
TEN,Tennessee Titans,David Martin-Robinson,David,Martin-Robinson,TE,Tight End,Offense,88,Active,26,"6' 3""",247,3,4360978
TEN,Tennessee Titans,Joel Wilson,Joel,Wilson,TE,Tight End,Offense,83,Practice Squad,26,"6' 4""",245,1,4362570
TEN,Tennessee Titans,Elic Ayomanor,Elic,Ayomanor,WR,Wide Receiver,Offense,5,Active,23,"6' 2""",206,2,4883647
TEN,Tennessee Titans,Chimere Dike,Chimere,Dike,WR,Wide Receiver,Offense,17,Active,23,"6' 1""",196,2,4431268
TEN,Tennessee Titans,Tyren Montgomery,Tyren,Montgomery,WR,Wide Receiver,Offense,19,Practice Squad,25,"5' 11""",204,0,5103197
TEN,Tennessee Titans,K.J. Osborn,K.J.,Osborn,WR,Wide Receiver,Offense,85,Practice Squad,29,"5' 11""",203,6,3916566
TEN,Tennessee Titans,Xavier Restrepo,Xavier,Restrepo,WR,Wide Receiver,Offense,87,Practice Squad,24,"5' 10""",202,1,4431353
TEN,Tennessee Titans,Calvin Ridley,Calvin,Ridley,WR,Wide Receiver,Offense,0,Active,31,"6' 1""",190,8,3925357
TEN,Tennessee Titans,Wan'Dale Robinson,Wan'Dale,Robinson,WR,Wide Receiver,Offense,4,Active,25,"5' 8""",185,5,4569587
TEN,Tennessee Titans,Carnell Tate,Carnell,Tate,WR,Wide Receiver,Offense,14,Active,21,"6' 2""",192,0,4871023
TEN,Tennessee Titans,Shemar Bartholomew,Shemar,Bartholomew,CB,Cornerback,Defense,,Practice Squad,26,"6' 0""",200,3,4371336
TEN,Tennessee Titans,Cor'Dale Flott,Cor'Dale,Flott,CB,Cornerback,Defense,18,Active,25,"6' 2""",175,5,4429607
TEN,Tennessee Titans,Mario Goodrich III,Mario,Goodrich III,CB,Cornerback,Defense,35,Practice Squad,26,"6' 0""",186,2,4360318
TEN,Tennessee Titans,Marcus Harris,Marcus,Harris,CB,Cornerback,Defense,26,Active,25,"5' 11""",188,2,4570469
TEN,Tennessee Titans,Jalen McMurray,Jalen,McMurray,CB,Cornerback,Defense,16,Practice Squad,23,"5' 11""",184,0,4683455
TEN,Tennessee Titans,Micah Robinson,Micah,Robinson,CB,Cornerback,Defense,21,Active,24,"5' 11""",183,2,4695280
TEN,Tennessee Titans,Melvin Smith Jr.,Melvin,Smith Jr.,CB,Cornerback,Defense,,Active,24,"6' 1""",185,1,5278708
TEN,Tennessee Titans,Alontae Taylor,Alontae,Taylor,CB,Cornerback,Defense,24,Active,27,"6' 1""",199,5,4369835
TEN,Tennessee Titans,Joshua Williams,Joshua,Williams,CB,Cornerback,Defense,25,Day-To-Day,26,"6' 3""",193,5,4917635
TEN,Tennessee Titans,Keldric Faulk,Keldric,Faulk,DE,Defensive End,Defense,15,Active,21,"6' 5""",274,0,4870707
TEN,Tennessee Titans,John Franklin-Myers,John,Franklin-Myers,DE,Defensive End,Defense,91,Active,29,"6' 4""",288,9,3120464
TEN,Tennessee Titans,Jalyn Holmes,Jalyn,Holmes,DE,Defensive End,Defense,97,Practice Squad,30,"6' 5""",283,7,3121414
TEN,Tennessee Titans,Jermaine Johnson II,Jermaine,Johnson II,DE,Defensive End,Defense,11,Active,27,"6' 5""",254,5,4567962
TEN,Tennessee Titans,Truman Jones,Truman,Jones,DE,Defensive End,Defense,56,Active,26,"6' 3""",255,2,4367828
TEN,Tennessee Titans,Tanoh Kpassagnon,Tanoh,Kpassagnon,DE,Defensive End,Defense,58,Day-To-Day,32,"6' 7""",289,8,2982313
TEN,Tennessee Titans,Jacob Martin,Jacob,Martin,DE,Defensive End,Defense,57,Active,30,"6' 2""",242,9,3138764
TEN,Tennessee Titans,Oluwafemi Oladejo,Oluwafemi,Oladejo,DE,Defensive End,Defense,7,Active,22,"6' 3""",259,2,4876057
TEN,Tennessee Titans,Jordan Elliott,Jordan,Elliott,DT,Defensive Tackle,Defense,95,Active,28,"6' 4""",303,7,4039052
TEN,Tennessee Titans,Timmy Horne,Timmy,Horne,DT,Defensive Tackle,Defense,94,Practice Squad,28,"6' 4""",323,4,4045701
TEN,Tennessee Titans,Jackie Marshall,Jackie,Marshall,DT,Defensive Tackle,Defense,96,Active,23,"6' 2""",293,0,5081785
TEN,Tennessee Titans,Jeffery Simmons,Jeffery,Simmons,DT,Defensive Tackle,Defense,98,Active,29,"6' 4""",305,8,4035369
TEN,Tennessee Titans,Nazir Stackhouse,Nazir,Stackhouse,DT,Defensive Tackle,Defense,,Active,24,"6' 4""",327,2,4429142
TEN,Tennessee Titans,Laki Tasi,Laki,Tasi,DT,Defensive Tackle,Defense,68,Practice Squad,22,"6' 6""",373,1,5278710
TEN,Tennessee Titans,Solomon Thomas,Solomon,Thomas,DT,Defensive Tackle,Defense,90,Active,30,"6' 2""",285,10,3117258
TEN,Tennessee Titans,Cody Barton,Cody,Barton,LB,Linebacker,Defense,50,Active,29,"6' 2""",237,8,3926229
TEN,Tennessee Titans,Mohamoud Diabate,Mohamoud,Diabate,LB,Linebacker,Defense,44,Practice Squad,25,"6' 4""",225,4,4567403
TEN,Tennessee Titans,Milo Eifler,Milo,Eifler,LB,Linebacker,Defense,45,Day-To-Day,28,"6' 2""",225,3,4371940
TEN,Tennessee Titans,Cedric Gray,Cedric,Gray,LB,Linebacker,Defense,33,Active,23,"6' 2""",234,3,4429834
TEN,Tennessee Titans,Jaylen Harrell,Jaylen,Harrell,LB,Linebacker,Defense,92,Day-To-Day,24,"6' 4""",247,3,4429058
TEN,Tennessee Titans,Anthony Hill Jr.,Anthony,Hill Jr.,LB,Linebacker,Defense,53,Active,21,"6' 2""",238,0,4870805
TEN,Tennessee Titans,Dorian Mausi,Dorian,Mausi,LB,Linebacker,Defense,54,Day-To-Day,24,"6' 1""",234,2,4573318
TEN,Tennessee Titans,Owen Pappoe,Owen,Pappoe,LB,Linebacker,Defense,,Active,25,"6' 0""",230,4,4567219
TEN,Tennessee Titans,James Williams Sr.,James,Williams Sr.,LB,Linebacker,Defense,52,Active,23,"6' 4""",232,3,4431613
TEN,Tennessee Titans,Tony Adams,Tony,Adams,S,Safety,Defense,38,Active,27,"5' 11""",203,5,4240532
TEN,Tennessee Titans,Kendell Brooks,Kendell,Brooks,S,Safety,Defense,30,Day-To-Day,26,"6' 0""",206,2,4585317
TEN,Tennessee Titans,Terrell Burgess,Terrell,Burgess,S,Safety,Defense,,Active,27,"5' 11""",202,6,4035663
TEN,Tennessee Titans,Erick Hallett II,Erick,Hallett II,S,Safety,Defense,41,Practice Squad,26,"5' 11""",200,2,4373320
TEN,Tennessee Titans,Amani Hooker,Amani,Hooker,S,Safety,Defense,37,Active,28,"5' 11""",210,8,4036134
TEN,Tennessee Titans,Jerrick Reed II,Jerrick,Reed II,S,Safety,Defense,28,Practice Squad,26,"5' 9""",197,4,4570084
TEN,Tennessee Titans,Kevin Winston Jr.,Kevin,Winston Jr.,S,Safety,Defense,23,Active,22,"6' 2""",213,2,4685617
TEN,Tennessee Titans,Morgan Cox,Morgan,Cox,LS,Long Snapper,Special Teams,46,Active,40,"6' 4""",233,17,13848
TEN,Tennessee Titans,Tommy Townsend,Tommy,Townsend,P,Punter,Special Teams,3,Active,29,"6' 1""",191,7,3915398
TEN,Tennessee Titans,Joey Slye,Joey,Slye,PK,Place Kicker,Special Teams,6,Active,30,"5' 11""",213,8,3124084
WSH,Washington Commanders,Matt Gulbin,Matt,Gulbin,C,Center,Offense,66,Active,23,"6' 4""",312,0,4683463
WSH,Washington Commanders,Nick Allegretti,Nick,Allegretti,G,Guard,Offense,67,Active,30,"6' 4""",310,8,3115922
WSH,Washington Commanders,Brandon Coleman,Brandon,Coleman,G,Guard,Offense,74,Active,25,"6' 6""",320,3,4685030
WSH,Washington Commanders,Sam Cosmi,Sam,Cosmi,G,Guard,Offense,76,Active,27,"6' 7""",309,6,4262199
WSH,Washington Commanders,Julian Good-Jones,Julian,Good-Jones,G,Guard,Offense,61,Practice Squad,29,"6' 5""",313,2,3917949
WSH,Washington Commanders,Chris Paul,Chris,Paul,G,Guard,Offense,75,Active,27,"6' 4""",324,5,4244615
WSH,Washington Commanders,Tanoa Togiai,Tanoa,Togiai,G,Guard,Offense,62,Active,25,"6' 6""",321,0,4605488
WSH,Washington Commanders,Andrew Wylie,Andrew,Wylie,G,Guard,Offense,71,Active,32,"6' 5""",304,9,3042702
WSH,Washington Commanders,Josh Conerly Jr.,Josh,Conerly Jr.,OT,Offensive Tackle,Offense,72,Active,22,"6' 4""",315,2,4685326
WSH,Washington Commanders,D.J. Humphries,D.J.,Humphries,OT,Offensive Tackle,Offense,79,Active,32,"6' 5""",307,12,2971048
WSH,Washington Commanders,Esa Pole,Esa,Pole,OT,Offensive Tackle,Offense,,Practice Squad,25,"6' 7""",319,2,5153070
WSH,Washington Commanders,Trent Scott,Trent,Scott,OT,Offensive Tackle,Offense,73,Practice Squad,32,"6' 5""",320,9,3123303
WSH,Washington Commanders,Laremy Tunsil,Laremy,Tunsil,OT,Offensive Tackle,Offense,78,Day-To-Day,32,"6' 5""",313,11,3051890
WSH,Washington Commanders,Jayden Daniels,Jayden,Daniels,QB,Quarterback,Offense,5,Active,25,"6' 4""",210,3,4426348
WSH,Washington Commanders,Sam Hartman,Sam,Hartman,QB,Quarterback,Offense,15,Practice Squad,27,"6' 1""",209,1,4361994
WSH,Washington Commanders,Athan Kaliakmanis,Athan,Kaliakmanis,QB,Quarterback,Offense,16,Active,23,"6' 2""",216,0,4432722
WSH,Washington Commanders,Marcus Mariota,Marcus,Mariota,QB,Quarterback,Offense,8,Active,32,"6' 4""",222,12,2576980
WSH,Washington Commanders,Kaytron Allen,Kaytron,Allen,RB,Running Back,Offense,31,Active,23,"5' 11""",217,0,4685246
WSH,Washington Commanders,Jacory Croskey-Merritt,Jacory,Croskey-Merritt,RB,Running Back,Offense,22,Active,25,"5' 11""",208,2,4575131
WSH,Washington Commanders,Robert Henry Jr.,Robert,Henry Jr.,RB,Running Back,Offense,30,Practice Squad,24,"5' 9""",196,0,5151317
WSH,Washington Commanders,Jeremy McNichols,Jeremy,McNichols,RB,Running Back,Offense,26,Day-To-Day,30,"5' 9""",205,6,3127586
WSH,Washington Commanders,Craig Reynolds,Craig,Reynolds,RB,Running Back,Offense,24,Practice Squad,30,"5' 11""",225,7,4421446
WSH,Washington Commanders,Rachaad White,Rachaad,White,RB,Running Back,Offense,1,Active,27,"6' 0""",214,5,4697815
WSH,Washington Commanders,John Bates,John,Bates,TE,Tight End,Offense,87,Active,28,"6' 6""",256,6,4048228
WSH,Washington Commanders,Quentin Moore,Quentin,Moore,TE,Tight End,Offense,40,Day-To-Day,26,"6' 5""",260,0,4875350
WSH,Washington Commanders,Chig Okonkwo,Chig,Okonkwo,TE,Tight End,Offense,85,Active,26,"6' 3""",238,5,4360635
WSH,Washington Commanders,Joshua Simon,Joshua,Simon,TE,Tight End,Offense,,Practice Squad,25,"6' 4""",240,1,4430482
WSH,Washington Commanders,Ben Sinnott,Ben,Sinnott,TE,Tight End,Offense,82,Active,24,"6' 4""",245,3,4690923
WSH,Washington Commanders,Jack Westover,Jack,Westover,TE,Tight End,Offense,,Practice Squad,27,"6' 3""",252,2,4361100
WSH,Washington Commanders,Colson Yankoff,Colson,Yankoff,TE,Tight End,Offense,80,Active,26,"6' 4""",225,3,4361088
WSH,Washington Commanders,Jaden Bradley,Jaden,Bradley,WR,Wide Receiver,Offense,86,Practice Squad,23,"6' 4""",195,0,4683111
WSH,Washington Commanders,Dyami Brown,Dyami,Brown,WR,Wide Receiver,Offense,6,Active,26,"6' 0""",195,6,4361577
WSH,Washington Commanders,Treylon Burks,Treylon,Burks,WR,Wide Receiver,Offense,13,Active,26,"6' 2""",225,5,4567156
WSH,Washington Commanders,Stefon Diggs,Stefon,Diggs,WR,Wide Receiver,Offense,3,Active,32,"6' 0""",191,12,2976212
WSH,Washington Commanders,Jacoby Jones,Jacoby,Jones,WR,Wide Receiver,Offense,84,Day-To-Day,25,"6' 3""",228,1,5083297
WSH,Washington Commanders,Jaylin Lane,Jaylin,Lane,WR,Wide Receiver,Offense,83,Active,24,"5' 10""",196,2,4602667
WSH,Washington Commanders,Luke McCaffrey,Luke,McCaffrey,WR,Wide Receiver,Offense,11,Active,25,"6' 2""",195,3,4426948
WSH,Washington Commanders,Terry McLaurin,Terry,McLaurin,WR,Wide Receiver,Offense,17,Active,30,"6' 0""",210,8,3121422
WSH,Washington Commanders,Antonio Williams,Antonio,Williams,WR,Wide Receiver,Offense,14,Active,22,"5' 11""",195,0,5081432
WSH,Washington Commanders,Trey Amos,Trey,Amos,CB,Cornerback,Defense,23,Day-To-Day,24,"6' 1""",190,2,4574689
WSH,Washington Commanders,Fred Davis II,Fred,Davis II,CB,Cornerback,Defense,38,Practice Squad,24,"6' 1""",200,0,4686092
WSH,Washington Commanders,Rasul Douglas,Rasul,Douglas,CB,Cornerback,Defense,31,Active,31,"6' 2""",209,9,3943270
WSH,Washington Commanders,D.J. Johnson,D.J.,Johnson,CB,Cornerback,Defense,,Practice Squad,40,"6' 1""",191,3,12803
WSH,Washington Commanders,Fabian Moreau,Fabian,Moreau,CB,Cornerback,Defense,30,Active,32,"6' 0""",204,10,2971586
WSH,Washington Commanders,Amik Robertson,Amik,Robertson,CB,Cornerback,Defense,2,Active,28,"5' 9""",183,7,4239694
WSH,Washington Commanders,Darius Rush,Darius,Rush,CB,Cornerback,Defense,29,Practice Squad,26,"6' 2""",198,2,4362858
WSH,Washington Commanders,Mike Sainristil,Mike,Sainristil,CB,Cornerback,Defense,0,Active,25,"5' 10""",182,3,4428414
WSH,Washington Commanders,Terell Smith,Terell,Smith,CB,Cornerback,Defense,,Practice Squad,27,"6' 0""",204,5,4360935
WSH,Washington Commanders,Isaac Yiadom,Isaac,Yiadom,CB,Cornerback,Defense,,Practice Squad,30,"6' 1""",188,9,3122797
WSH,Washington Commanders,Dorance Armstrong,Dorance,Armstrong,DE,Defensive End,Defense,92,Active,29,"6' 4""",255,9,3928979
WSH,Washington Commanders,Charles Omenihu,Charles,Omenihu,DE,Defensive End,Defense,90,Active,29,"6' 5""",280,8,3929865
WSH,Washington Commanders,Deatrich Wise Jr.,Deatrich,Wise Jr.,DE,Defensive End,Defense,91,Day-To-Day,32,"6' 5""",280,9,2980080
WSH,Washington Commanders,Ricky Barber,Ricky,Barber,DT,Defensive Tackle,Defense,50,Active,25,"6' 3""",295,1,4428343
WSH,Washington Commanders,Byron Cowart,Byron,Cowart,DT,Defensive Tackle,Defense,55,Practice Squad,30,"6' 3""",300,6,3916922
WSH,Washington Commanders,Javon Kinlaw,Javon,Kinlaw,DT,Defensive Tackle,Defense,99,Active,28,"6' 5""",319,7,4259491
WSH,Washington Commanders,Jeffrey M'ba,Jeffrey,M'ba,DT,Defensive Tackle,Defense,60,Practice Squad,26,"6' 6""",312,0,5081056
WSH,Washington Commanders,Jer'Zhan Newton,Jer'Zhan,Newton,DT,Defensive Tackle,Defense,95,Day-To-Day,24,"6' 2""",295,3,4430560
WSH,Washington Commanders,Daron Payne,Daron,Payne,DT,Defensive Tackle,Defense,94,Active,29,"6' 3""",320,9,3925354
WSH,Washington Commanders,Tim Settle,Tim,Settle,DT,Defensive Tackle,Defense,97,Active,29,"6' 3""",315,9,3929956
WSH,Washington Commanders,Shy Tuttle,Shy,Tuttle,DT,Defensive Tackle,Defense,79,Active,30,"6' 3""",300,8,3886601
WSH,Washington Commanders,K'Lavon Chaisson,K'Lavon,Chaisson,LB,Linebacker,Defense,45,Active,27,"6' 3""",255,7,4242205
WSH,Washington Commanders,Leo Chenal,Leo,Chenal,LB,Linebacker,Defense,54,Active,25,"6' 3""",250,5,4426901
WSH,Washington Commanders,Curtis Jacobs,Curtis,Jacobs,LB,Linebacker,Defense,57,Day-To-Day,24,"6' 1""",241,2,4429097
WSH,Washington Commanders,Javontae Jean-Baptiste,Javontae,Jean-Baptiste,LB,Linebacker,Defense,41,Active,26,"6' 4""",260,3,4361357
WSH,Washington Commanders,Joshua Josephs,Joshua,Josephs,LB,Linebacker,Defense,48,Active,22,"6' 3""",240,0,5081392
WSH,Washington Commanders,Ale Kaho,Ale,Kaho,LB,Linebacker,Defense,51,Practice Squad,26,"6' 2""",230,2,4361090
WSH,Washington Commanders,Frankie Luvu,Frankie,Luvu,LB,Linebacker,Defense,4,Active,29,"6' 3""",235,9,3127273
WSH,Washington Commanders,Jordan Magee,Jordan,Magee,LB,Linebacker,Defense,58,Active,25,"6' 3""",225,3,4568617
WSH,Washington Commanders,Kain Medrano,Kain,Medrano,LB,Linebacker,Defense,56,Active,25,"6' 3""",230,2,4427984
WSH,Washington Commanders,Odafe Oweh,Odafe,Oweh,LB,Linebacker,Defense,98,Active,27,"6' 5""",251,6,4361422
WSH,Washington Commanders,Sonny Styles,Sonny,Styles,LB,Linebacker,Defense,52,Active,21,"6' 5""",243,0,5081807
WSH,Washington Commanders,Percy Butler,Percy,Butler,S,Safety,Defense,35,Active,26,"6' 0""",190,5,4363097
WSH,Washington Commanders,Nick Cross,Nick,Cross,S,Safety,Defense,25,Active,24,"6' 0""",212,5,4426403
WSH,Washington Commanders,Quan Martin,Quan,Martin,S,Safety,Defense,20,Active,26,"6' 0""",195,4,4360378
WSH,Washington Commanders,Tyler Owens,Tyler,Owens,S,Safety,Defense,18,Active,25,"6' 2""",213,3,4572460
WSH,Washington Commanders,Jeremy Reaves,Jeremy,Reaves,S,Safety,Defense,39,Active,30,"5' 11""",200,7,3125248
WSH,Washington Commanders,Tyler Ott,Tyler,Ott,LS,Long Snapper,Special Teams,69,Active,34,"6' 3""",252,12,17378
WSH,Washington Commanders,Tress Way,Tress,Way,P,Punter,Special Teams,10,Active,36,"6' 1""",220,13,16166
WSH,Washington Commanders,Drew Stevens,Drew,Stevens,PK,Place Kicker,Special Teams,19,Active,22,"6' 1""",213,0,5081335
